semaine,annee,nbEntrees,recettes,nbSeances
semaine 0*,1993,
semaine 0*,1994,
semaine 0*,1995,1460881,7677784,215,34716
semaine 0*,1996,891556,4852304,648,23088
semaine 0*,1997,
semaine 0*,1998,
semaine 0*,1999,
semaine 0*,2000,
semaine 0*,2001,1110749,6243825,58,30717
semaine 0*,2002,487793,3143193,69,13569
semaine 0*,2003,
semaine 0*,2004,
semaine 0*,2005,
semaine 0*,2006,1306349,8101621,71,45620
semaine 0*,2007,1288637,8028073,05,34615
semaine 0*,2008,377937,2500628,19,15760
semaine 0*,2009,
semaine 0*,2010,
semaine 0*,2011,
semaine 0*,2012,1415108,9218147,38,54680
semaine 0*,2013,492911,3511440,64,16066
semaine 0*,2014,
semaine 0*,2015,
semaine 0*,2016,
semaine 0*,2017,1533616,10531073,26,62145
semaine 0*,2018,1700431,11740269,72,43772
semaine 0*,2019,719708,5126446,04,19661
semaine 0*,2020,
semaine 1,1993,1563386,8702901,41,
semaine 1,1994,1200938,6587869,327,
semaine 1,1995,2454501,13040392,43,74268
semaine 1,1996,3047594,16485158,63,82430
semaine 1,1997,2543224,13798454,67,90246
semaine 1,1998,2773457,15439826,46,80302
semaine 1,1999,2226400,12492642,18,68217
semaine 1,2000,1744098,9949988,95,57292
semaine 1,2001,4513348,24794047,64,114831
semaine 1,2002,4823970,27305559,31,109270
semaine 1,2003,4083958,23904450,03,108218
semaine 1,2004,3380407,20653933,98,93235
semaine 1,2005,1706809,10608584,07,64014
semaine 1,2006,3496961,20964083,34,113109
semaine 1,2007,4578711,27752300,18,130363
semaine 1,2008,4226413,26040423,24,134422
semaine 1,2009,2980102,18910928,8,110239
semaine 1,2010,3368293,24192420,78,88946
semaine 1,2011,1744597,11368148,97,72904
semaine 1,2012,3701538,22695331,4,134949
semaine 1,2013,4084263,27245698,05,142063
semaine 1,2014,5752752,38187473,28,141028
semaine 1,2015,4446880,30010861,3,123567
semaine 1,2016,3473711,24524207,75,104707
semaine 1,2017,3487249,23482929,82,152269
semaine 1,2018,5901737,39969523,76,165207
semaine 1,2019,4981610,33564571,16,171793
semaine 1,2020,4377072,31040872,21,167068
semaine 2,1993,2236708,11703254,18,
semaine 2,1994,2135553,11181236,42,
semaine 2,1995,3080842,16649831,77,75357
semaine 2,1996,2662243,14293923,08,78660
semaine 2,1997,2236756,11599281,48,85950
semaine 2,1998,3712252,20563543,84,84268
semaine 2,1999,2670540,14440045,93,92744
semaine 2,2000,3613843,20187649,34,98446
semaine 2,2001,2712391,14510180,03,106172
semaine 2,2002,3120271,17333263,76,99975
semaine 2,2003,2809562,16045064,61,100856
semaine 2,2004,3103453,18164735,52,108295
semaine 2,2005,3401959,20296227,5,111325
semaine 2,2006,3095413,18093857,87,115862
semaine 2,2007,2722939,16053719,8,118375
semaine 2,2008,2504637,14825985,68,121254
semaine 2,2009,3057436,18513462,2,123508
semaine 2,2010,3187229,22014134,16,122160
semaine 2,2011,3242425,19948886,19,132244
semaine 2,2012,3329143,20179268,14,136475
semaine 2,2013,2480842,15407905,91,132405
semaine 2,2014,3601070,22693588,93,137973
semaine 2,2015,2761480,17383224,38,140175
semaine 2,2016,3533140,23449178,8,142233
semaine 2,2017,3313178,21474442,69,152576
semaine 2,2018,3202070,21089946,15,154220
semaine 2,2019,3733208,25270699,69,159223
semaine 2,2020,2728604,18170246,95,163586
semaine 3,1993,2737830,14384240,74,
semaine 3,1994,2241673,11651779,92,
semaine 3,1995,2585039,13652300,07,75056
semaine 3,1996,2504661,13218810,07,78678
semaine 3,1997,2348096,12097855,49,85429
semaine 3,1998,4159336,22800899,1,84398
semaine 3,1999,2835737,15167158,93,92549
semaine 3,2000,3336206,18264139,26,100670
semaine 3,2001,3703828,20192580,49,106593
semaine 3,2002,3091603,16961770,57,103693
semaine 3,2003,2835084,15958788,91,102196
semaine 3,2004,3338426,19379094,46,109817
semaine 3,2005,3141209,18215721,79,111923
semaine 3,2006,3366199,19168449,6,117860
semaine 3,2007,3086496,17490255,86,118739
semaine 3,2008,3194237,18919872,8,121027
semaine 3,2009,3494930,20896964,05,124212
semaine 3,2010,4101818,27291277,25,122277
semaine 3,2011,3130681,18749038,59,134385
semaine 3,2012,3748867,22145193,52,135340
semaine 3,2013,3259613,20189798,57,130988
semaine 3,2014,3661048,22508362,39,142352
semaine 3,2015,3562916,22721680,24,143353
semaine 3,2016,3544335,23464069,82,145123
semaine 3,2017,3831081,24694798,28,154414
semaine 3,2018,3368344,21590124,93,158011
semaine 3,2019,3757594,24444877,52,160942
semaine 3,2020,3103180,20073257,37,165861
semaine 4,1993,2556221,13258038,71,
semaine 4,1994,2227036,11548438,39,
semaine 4,1995,2434332,12770183,87,75232
semaine 4,1996,2383707,12524816,87,79376
semaine 4,1997,2710644,14139435,79,86027
semaine 4,1998,4188183,22892485,07,84877
semaine 4,1999,2760008,14636607,43,93871
semaine 4,2000,3295374,17967339,56,102394
semaine 4,2001,3746400,20243191,99,106369
semaine 4,2002,3346599,18253660,54,103704
semaine 4,2003,3034541,16658634,53,104765
semaine 4,2004,3189774,18057128,13,110416
semaine 4,2005,3251250,18558302,98,115089
semaine 4,2006,3067290,17871672,82,115700
semaine 4,2007,3254171,18894528,5,117710
semaine 4,2008,3383491,19197871,53,123036
semaine 4,2009,3645998,21229718,44,127808
semaine 4,2010,4456007,28355587,5,125608
semaine 4,2011,3439596,20281960,51,134536
semaine 4,2012,3969935,23861668,28,132818
semaine 4,2013,3449769,21519735,21,131946
semaine 4,2014,3416379,20699965,64,141702
semaine 4,2015,3995027,25259428,49,147662
semaine 4,2016,3278245,20299507,97,146745
semaine 4,2017,4426108,28479347,88,154217
semaine 4,2018,3514230,22381171,99,160386
semaine 4,2019,3938020,26085897,81,159675
semaine 4,2020,3290642,22120647,17,165373
semaine 5,1993,2507502,12983166,73,
semaine 5,1994,2301602,12027802,13,
semaine 5,1995,3021241,16142225,63,74895
semaine 5,1996,3040376,16445064,54,79521
semaine 5,1997,2744103,14402245,87,86414
semaine 5,1998,3875941,21302473,19,84759
semaine 5,1999,2823793,14912137,5,95539
semaine 5,2000,3213993,17537281,44,100645
semaine 5,2001,5048839,27410804,108023
semaine 5,2002,5565386,31311225,01,107341
semaine 5,2003,3891232,22103663,9,107340
semaine 5,2004,3701053,21535083,55,112433
semaine 5,2005,3165906,18628473,58,111864
semaine 5,2006,6472667,39516255,56,124600
semaine 5,2007,3175525,18737300,118643
semaine 5,2008,5186577,31428395,49,122864
semaine 5,2009,3483655,20296799,86,126860
semaine 5,2010,4783468,30562589,3,126972
semaine 5,2011,3460596,20193214,64,132205
semaine 5,2012,3813880,24064974,89,131954
semaine 5,2013,3513651,21766435,32,132946
semaine 5,2014,3494426,21273476,76,143873
semaine 5,2015,3513412,22614636,23,146340
semaine 5,2016,3757404,24019384,54,148700
semaine 5,2017,5491071,35946480,35,159740
semaine 5,2018,4767107,31374549,64,161427
semaine 5,2019,4945774,33607907,58,162751
semaine 5,2020,3148511,21117521,46,167151
semaine 6,1993,2820362,14357954,56,
semaine 6,1994,2834577,14579958,29,
semaine 6,1995,3673325,19269362,17,76567
semaine 6,1996,3061870,16548989,95,78692
semaine 6,1997,2898537,15201170,72,90054
semaine 6,1998,4294070,23143220,86,90016
semaine 6,1999,4865473,26239494,14,100475
semaine 6,2000,3921328,20943030,44,104338
semaine 6,2001,6333028,35093268,95,112717
semaine 6,2002,6904236,39103046,27,114812
semaine 6,2003,4934324,28265669,07,115524
semaine 6,2004,4292243,25267497,25,117970
semaine 6,2005,3787881,22603122,83,118678
semaine 6,2006,5635409,34239551,01,131482
semaine 6,2007,3806892,23022366,61,122795
semaine 6,2008,4234797,25689748,72,127541
semaine 6,2009,4494166,27754209,09,128036
semaine 6,2010,4976886,32184862,35,131498
semaine 6,2011,4697412,29043692,52,134392
semaine 6,2012,4072046,26303376,36,136475
semaine 6,2013,3123578,19414498,6,134758
semaine 6,2014,3586029,22022586,47,145066
semaine 6,2015,4224580,26602000,64,152768
semaine 6,2016,5296344,34194923,76,155852
semaine 6,2017,6845185,45953100,86,163058
semaine 6,2018,5412814,36995159,76,165748
semaine 6,2019,5701885,38403850,6,169103
semaine 6,2020,3643096,24215400,79,174050
semaine 7,1993,2896097,15082456,62,
semaine 7,1994,2865994,15036756,68,
semaine 7,1995,3613466,19194754,38,80458
semaine 7,1996,3333654,17506152,99,81131
semaine 7,1997,3435663,18206658,55,94817
semaine 7,1998,5949486,32534912,3,94401
semaine 7,1999,4872277,25960705,92,105786
semaine 7,2000,4572053,24655177,13,107827
semaine 7,2001,5914058,32622102,79,114955
semaine 7,2002,6182406,34911240,95,116343
semaine 7,2003,4978143,28720652,62,118095
semaine 7,2004,5106854,30195531,89,123992
semaine 7,2005,4507279,26951026,96,127973
semaine 7,2006,5742376,34857868,12,133568
semaine 7,2007,6259950,38318247,81,128614
semaine 7,2008,4469789,27259616,79,134274
semaine 7,2009,4993887,30741677,09,134690
semaine 7,2010,5057247,32420422,89,138331
semaine 7,2011,5158041,32529741,95,135234
semaine 7,2012,4529297,29243324,26,146980
semaine 7,2013,3264666,20859282,84,136449
semaine 7,2014,4511359,27975937,87,149247
semaine 7,2015,6686634,44122794,74,157894
semaine 7,2016,6983361,45957365,2,165912
semaine 7,2017,6592361,43529783,8,169435
semaine 7,2018,6324751,42755967,53,170186
semaine 7,2019,6042632,40841307,15,177410
semaine 7,2020,4672262,31074495,43,181086
semaine 8,1993,3056232,15894577,39,
semaine 8,1994,3156231,16466253,58,
semaine 8,1995,3565344,18950121,58,80930
semaine 8,1996,3579654,19299684,74,84894
semaine 8,1997,3242716,16795626,03,95457
semaine 8,1998,5742323,31385199,31,94261
semaine 8,1999,5026377,26730152,43,107699
semaine 8,2000,4875575,26262185,42,110152
semaine 8,2001,5228219,28699588,09,114660
semaine 8,2002,5021782,28155736,9,112638
semaine 8,2003,4868729,27965487,34,123712
semaine 8,2004,5468278,32329903,27,126707
semaine 8,2005,4690117,28139479,09,129994
semaine 8,2006,4986327,30074111,41,131309
semaine 8,2007,6269031,38424452,94,131415
semaine 8,2008,5261490,32251330,62,136133
semaine 8,2009,5273201,32751763,64,137896
semaine 8,2010,5726707,36362706,24,141772
semaine 8,2011,6041266,38306053,17,142489
semaine 8,2012,4630051,29682842,4,145317
semaine 8,2013,4232432,26977497,86,146144
semaine 8,2014,4783958,29784116,8,155467
semaine 8,2015,6807745,43967734,56,159448
semaine 8,2016,6944389,44595188,56,168963
semaine 8,2017,6012637,39505144,77,164908
semaine 8,2018,5802714,39028288,26,172130
semaine 8,2019,5278020,35172462,97,178211
semaine 8,2020,4808501,32012106,59,185446
semaine 9,1993,3158972,16422005,86,
semaine 9,1994,3102642,16199937,65,
semaine 9,1995,3250456,17351151,07,79928
semaine 9,1996,3827258,20755325,27,86123
semaine 9,1997,3101544,16521501,21,90431
semaine 9,1998,5111217,27856843,14,90837
semaine 9,1999,3768048,20025444,1,101755
semaine 9,2000,3773065,20309672,58,110974
semaine 9,2001,4944783,27371068,65,110412
semaine 9,2002,3781792,21131947,48,105147
semaine 9,2003,4857519,28052698,42,121091
semaine 9,2004,4472645,26399479,73,123000
semaine 9,2005,3894144,23140868,09,125007
semaine 9,2006,3586557,21424279,67,124017
semaine 9,2007,4867074,29628028,81,128105
semaine 9,2008,7558093,47275223,84,131877
semaine 9,2009,4835859,29950888,47,135360
semaine 9,2010,4860448,30394163,56,135801
semaine 9,2011,6073190,38779696,69,148738
semaine 9,2012,4378080,27985169,06,142855
semaine 9,2013,4749709,30336411,97,151220
semaine 9,2014,6757236,42593817,32,159791
semaine 9,2015,5805523,37049668,42,158231
semaine 9,2016,6788194,44567029,08,159048
semaine 9,2017,5077868,33733483,03,155212
semaine 9,2018,6206867,41363989,73,172534
semaine 9,2019,4939552,33156722,49,172415
semaine 9,2020,4323203,28393964,32,181584
semaine 10,1993,2779010,14457625,42,
semaine 10,1994,2807438,14869104,22,
semaine 10,1995,2454384,12896832,87,75863
semaine 10,1996,3076494,16587939,76,82239
semaine 10,1997,2494401,13205963,49,85274
semaine 10,1998,4219660,22925207,99,87351
semaine 10,1999,3100726,16569540,5,97735
semaine 10,2000,3304193,18013641,59,100460
semaine 10,2001,3838732,20938335,51,107204
semaine 10,2002,3054671,16749562,92,105601
semaine 10,2003,3060539,17350929,23,113770
semaine 10,2004,3627357,21107737,75,118802
semaine 10,2005,3083647,18149322,7,118234
semaine 10,2006,3164360,18648371,03,120950
semaine 10,2007,3378472,20001603,37,123140
semaine 10,2008,6430788,39949053,88,127615
semaine 10,2009,4351282,26720641,11,128679
semaine 10,2010,3645215,22375357,22,129036
semaine 10,2011,4611274,28744113,79,146404
semaine 10,2012,3394637,21643504,42,138974
semaine 10,2013,4319039,27716282,07,148907
semaine 10,2014,4811308,30966054,73,158435
semaine 10,2015,3550970,22309464,18,150654
semaine 10,2016,5133741,33733377,46,154147
semaine 10,2017,4067692,27110780,05,151949
semaine 10,2018,4579674,30214221,03,167226
semaine 10,2019,4819143,33279434,95,167024
semaine 10,2020,3197600,20662108,22,173533
semaine 11,1993,2322357,11995114,62,
semaine 11,1994,2686904,14396792,02,
semaine 11,1995,2292767,12103784,09,75004
semaine 11,1996,2673637,14493040,7,76926
semaine 11,1997,2980856,15929367,98,84830
semaine 11,1998,3313986,17828121,58,85895
semaine 11,1999,2910486,15257141,07,95139
semaine 11,2000,2650260,14370114,87,97334
semaine 11,2001,3687701,20148524,71,105765
semaine 11,2002,3648363,15436985,02,108993
semaine 11,2003,3873646,15902669,21,112640
semaine 11,2004,4238937,19327078,62,118591
semaine 11,2005,2856756,16541875,94,116680
semaine 11,2006,4245458,18590536,06,124857
semaine 11,2007,4473113,19926216,9,122592
semaine 11,2008,7123393,33731437,54,128237
semaine 11,2009,3035863,17750009,124884
semaine 11,2010,3557575,21319018,86,129007
semaine 11,2011,4037048,24555610,5,140214
semaine 11,2012,4589380,21805847,4,137499
semaine 11,2013,5144401,25609468,76,142139
semaine 11,2014,5357519,26455873,9,153519
semaine 11,2015,3125955,19608369,55,145982
semaine 11,2016,3819510,24243223,61,150043
semaine 11,2017,4787415,24576606,92,155265
semaine 11,2018,5226767,26829723,06,162388
semaine 11,2019,5100406,26792129,68,169595
semaine 11,2020,967575,5922004,72,130187
semaine 12,1993,2302700,11933030,06,
semaine 12,1994,2532144,13396692,92,
semaine 12,1995,2047956,10689119,1,72783
semaine 12,1996,2265409,12024627,38,75176
semaine 12,1997,2746329,14465525,76,84155
semaine 12,1998,2864889,15128767,98,84235
semaine 12,1999,2667507,14196729,39,94105
semaine 12,2000,3879109,16043271,11,99514
semaine 12,2001,4195022,17414213,66,110189
semaine 12,2002,2807321,15283773,23,104235
semaine 12,2003,3061686,17592915,56,110540
semaine 12,2004,3114350,18030182,36,114582
semaine 12,2005,3801746,17250579,04,118818
semaine 12,2006,2848261,16726455,45,120617
semaine 12,2007,3544408,21263441,68,120039
semaine 12,2008,5447913,33717868,72,128023
semaine 12,2009,4922858,22866070,58,129606
semaine 12,2010,5043475,22999307,77,132525
semaine 12,2011,3974408,19149341,56,138789
semaine 12,2012,2872643,17376462,62,132597
semaine 12,2013,3311594,20455231,55,136956
semaine 12,2014,3703665,22920351,57,147590
semaine 12,2015,4811341,23192649,18,147791
semaine 12,2016,4423423,22415691,32,152755
semaine 12,2017,3911603,25455092,44,151348
semaine 12,2018,3362904,21790972,42,158604
semaine 12,2019,2956258,19849058,1,165895
semaine 12,2020,0,0,22
semaine 13,1993,2124788,10936669,63,
semaine 13,1994,2316453,12123258,23,
semaine 13,1995,2034761,10635186,15,73725
semaine 13,1996,2801519,14893086,59,77557
semaine 13,1997,3249958,17486825,23,87854
semaine 13,1998,2816177,15102246,23,84418
semaine 13,1999,2771036,14672984,49,94643
semaine 13,2000,2637302,14290557,08,94946
semaine 13,2001,3157479,17080136,95,108318
semaine 13,2002,3136659,17639755,61,112204
semaine 13,2003,2970892,16874116,35,111900
semaine 13,2004,3032011,17440488,69,114971
semaine 13,2005,3427565,20715104,63,117400
semaine 13,2006,3068195,18295520,75,122375
semaine 13,2007,3274810,19458091,79,125625
semaine 13,2008,3638783,21781950,76,125574
semaine 13,2009,3585162,21312167,48,125133
semaine 13,2010,4788121,31535641,7,131470
semaine 13,2011,3053628,18350336,99,134716
semaine 13,2012,3006844,18744075,95,135982
semaine 13,2013,3469735,22718832,7,140475
semaine 13,2014,3441338,22428966,43,144901
semaine 13,2015,3579570,21848746,17,146292
semaine 13,2016,4607970,31093094,16,150227
semaine 13,2017,4206497,27329682,2,156534
semaine 13,2018,3977336,27171588,86,163342
semaine 13,2019,2743746,17796075,28,164549
semaine 13,2020,0,0,0
semaine 14,1993,2334885,12100681,45,
semaine 14,1994,2786688,15081512,36,
semaine 14,1995,2240957,11659276,9,75870
semaine 14,1996,2791530,15190990,87,81632
semaine 14,1997,2867821,15082989,68,87510
semaine 14,1998,3555738,19219533,98,89316
semaine 14,1999,2679410,14712969,28,100153
semaine 14,2000,5070070,27937908,101013
semaine 14,2001,4545401,24765265,01,116485
semaine 14,2002,3547528,19712126,85,116842
semaine 14,2003,3043449,17366158,45,114605
semaine 14,2004,3534475,20875293,71,117905
semaine 14,2005,2955024,17308277,94,116122
semaine 14,2006,4937026,29493073,6,127281
semaine 14,2007,2941440,17832738,36,132970
semaine 14,2008,4024449,24502000,94,129616
semaine 14,2009,3507938,21249388,79,131771
semaine 14,2010,4896499,32929592,2,139646
semaine 14,2011,2839662,16777608,87,135544
semaine 14,2012,4962016,32937957,82,138428
semaine 14,2013,2839235,17501199,3,140058
semaine 14,2014,3219298,20348383,67,143834
semaine 14,2015,4932073,32689325,34,149190
semaine 14,2016,3698357,24394156,99,151754
semaine 14,2017,3715094,23715089,91,164732
semaine 14,2018,3534178,23091793,89,165214
semaine 14,2019,3804225,25008173,18,168743
semaine 14,2020,0,0,0
semaine 15,1993,2890409,15288120,72,
semaine 15,1994,2766728,14454320,02,
semaine 15,1995,3137596,16858209,15,80936
semaine 15,1996,2828996,15014029,58,85431
semaine 15,1997,3141372,16574129,1,91836
semaine 15,1998,4506873,24844036,95,95491
semaine 15,1999,2874440,15304523,51,104912
semaine 15,2000,5038887,27433538,25,105344
semaine 15,2001,4108524,22633443,22,119050
semaine 15,2002,4535876,25564145,21,119508
semaine 15,2003,3007996,17209642,81,119846
semaine 15,2004,4764611,28581632,36,126182
semaine 15,2005,4054750,24330958,01,120355
semaine 15,2006,5223164,31714405,22,133225
semaine 15,2007,2822447,16930269,8,132943
semaine 15,2008,4292785,26253191,61,135712
semaine 15,2009,4654545,29060739,65,139753
semaine 15,2010,4413176,29464265,74,144302
semaine 15,2011,2515940,15235915,73,138260
semaine 15,2012,4933705,32238898,54,143343
semaine 15,2013,2915372,18247749,6,141987
semaine 15,2014,3667317,22741670,89,143414
semaine 15,2015,3360817,21213278,66,150749
semaine 15,2016,4469081,28839981,28,159578
semaine 15,2017,5452364,36502493,25,170183
semaine 15,2018,4322684,28947351,06,171082
semaine 15,2019,3940941,26008336,49,176762
semaine 15,2020,0,0,0
semaine 16,1993,2556746,13166915,36,
semaine 16,1994,2893484,15123913,15,
semaine 16,1995,3309881,17441063,82,81723
semaine 16,1996,2699042,14320344,93,87557
semaine 16,1997,3267897,17312980,26,92397
semaine 16,1998,4929117,26851132,54,95616
semaine 16,1999,3178344,17010032,17,106846
semaine 16,2000,5147179,27986330,73,112090
semaine 16,2001,3676821,19838004,74,115884
semaine 16,2002,2996245,16636459,56,110563
semaine 16,2003,2963942,17439516,46,121496
semaine 16,2004,4723462,27890132,42,128041
semaine 16,2005,4093047,24442566,88,127549
semaine 16,2006,4249319,25381380,76,133530
semaine 16,2007,2334280,13772655,62,129739
semaine 16,2008,3997098,24365210,65,138272
semaine 16,2009,4485745,27863449,19,140018
semaine 16,2010,4073383,26390533,48,145580
semaine 16,2011,3322404,20739115,19,144561
semaine 16,2012,4328069,27364750,2,143540
semaine 16,2013,4074702,26055145,67,147541
semaine 16,2014,5449359,35067588,62,150635
semaine 16,2015,3518134,22002440,41,157791
semaine 16,2016,4607578,30249063,04,164359
semaine 16,2017,3802030,24573879,92,165643
semaine 16,2018,2921371,18917223,27,173648
semaine 16,2019,3396118,23025184,182270
semaine 16,2020,0,0,0
semaine 17,1993,2800183,14609352,14,
semaine 17,1994,2600875,13580983,66,
semaine 17,1995,2621410,13925712,81,81094
semaine 17,1996,2587281,13805869,44,84325
semaine 17,1997,2503496,13091884,31,85214
semaine 17,1998,3526467,19131177,09,92192
semaine 17,1999,2597769,13821695,43,101907
semaine 17,2000,4910622,26814247,02,110610
semaine 17,2001,4231002,23367426,2,113174
semaine 17,2002,3046388,16961702,58,108875
semaine 17,2003,2590536,14834777,49,118282
semaine 17,2004,3632949,21296321,49,125706
semaine 17,2005,3716679,22162305,78,127573
semaine 17,2006,5701286,34891898,34,131044
semaine 17,2007,3154979,19131959,85,128588
semaine 17,2008,2714796,16182660,69,133343
semaine 17,2009,3855434,23586992,46,137792
semaine 17,2010,4023735,25176697,9,141388
semaine 17,2011,3501551,22348667,02,147918
semaine 17,2012,6113395,41656256,3,142326
semaine 17,2013,5988722,41050323,5,146705
semaine 17,2014,5679642,36194686,98,157140
semaine 17,2015,4997744,33350701,48,156326
semaine 17,2016,4165000,26967702,75,160738
semaine 17,2017,4819229,32377757,89,158223
semaine 17,2018,6369405,45566415,64,170485
semaine 17,2019,6313839,46149711,96,166105
semaine 17,2020,0,0,0
semaine 18,1993,2498667,13148578,18,
semaine 18,1994,1836401,9545558,627,
semaine 18,1995,1497237,7804256,224,78458
semaine 18,1996,2189202,11720060,79399
semaine 18,1997,2340353,12519794,85,84650
semaine 18,1998,3943916,21844282,13,91714
semaine 18,1999,2022159,10738213,69,96578
semaine 18,2000,3474055,19025229,89,105255
semaine 18,2001,3440273,18914073,64,109287
semaine 18,2002,2890925,16156554,47,107883
semaine 18,2003,3270557,19161868,43,113181
semaine 18,2004,3448378,20174390,63,118617
semaine 18,2005,2540452,14824417,79,123362
semaine 18,2006,4799169,29421690,88,124272
semaine 18,2007,4655597,28580222,2,122408
semaine 18,2008,3113707,19109216,79,129915
semaine 18,2009,3824643,23633627,9,135113
semaine 18,2010,4699942,29710853,49,133147
semaine 18,2011,3932804,26027776,45,143495
semaine 18,2012,4847800,32180703,12,142019
semaine 18,2013,4423486,29549329,75,145105
semaine 18,2014,6257800,41288037,05,154391
semaine 18,2015,4818612,31787751,79,156115
semaine 18,2016,3955748,26452555,88,150780
semaine 18,2017,3780569,24931158,12,156368
semaine 18,2018,3537040,24525958,12,168513
semaine 18,2019,4831119,34984584,17,158119
semaine 18,2020,0,0,0
semaine 19,1993,2090030,10719188,61,
semaine 19,1994,1828624,9563128,071,
semaine 19,1995,1783587,9259062,408,72853
semaine 19,1996,2260143,12020208,03,79311
semaine 19,1997,3937278,21847267,7,86567
semaine 19,1998,2537070,13765297,91,93422
semaine 19,1999,1725670,9087137,24,95624
semaine 19,2000,2563547,13804072,54,100976
semaine 19,2001,2002016,10557888,33,103512
semaine 19,2002,2883490,16451974,17,108947
semaine 19,2003,2755540,15977926,75,111364
semaine 19,2004,3521140,20554205,16,114841
semaine 19,2005,3079663,18579912,51,118230
semaine 19,2006,2961885,17431726,37,119983
semaine 19,2007,2644462,15530915,49,118339
semaine 19,2008,2427262,14885268,6,129848
semaine 19,2009,3482473,21433410,07,131271
semaine 19,2010,3788408,22883125,9,130400
semaine 19,2011,3639869,22849273,02,135320
semaine 19,2012,3059738,19273173,97,136117
semaine 19,2013,3743495,24904248,28,142743
semaine 19,2014,5042482,32941829,39,150817
semaine 19,2015,2750809,17375980,82,153344
semaine 19,2016,2965613,19684360,68,154176
semaine 19,2017,2773622,17952268,68,155431
semaine 19,2018,3698222,25256599,76,163074
semaine 19,2019,4006656,27828940,02,155182
semaine 19,2020,0,0,0
semaine 20,1993,1916244,9731679,058,
semaine 20,1994,2144286,11616278,51,
semaine 20,1995,1636373,8435284,325,72299
semaine 20,1996,2469111,13383350,43,81281
semaine 20,1997,3061210,16889925,22,84005
semaine 20,1998,1745074,9067730,7,87665
semaine 20,1999,1885980,10244240,45,92957
semaine 20,2000,2071903,10965045,13,97397
semaine 20,2001,2045072,10506785,48,103072
semaine 20,2002,3592722,20803907,48,106422
semaine 20,2003,3866774,22818460,05,107285
semaine 20,2004,3051281,17596200,37,108826
semaine 20,2005,2438025,14195141,04,112170
semaine 20,2006,4107257,24914172,49,113789
semaine 20,2007,3239515,19749113,2,116346
semaine 20,2008,2277449,11608734,17,124428
semaine 20,2009,3483248,17623939,86,123340
semaine 20,2010,4625475,25524686,34,130967
semaine 20,2011,3443307,19800889,65,130569
semaine 20,2012,4184307,26194815,56,136094
semaine 20,2013,3887899,24755110,72,136738
semaine 20,2014,3103929,19635303,36,143506
semaine 20,2015,3265056,21462077,08,148064
semaine 20,2016,3367626,21508805,78,153233
semaine 20,2017,2264553,14258812,2,151212
semaine 20,2018,2980938,19920789,31,158357
semaine 20,2019,2824601,18550986,32,155328
semaine 20,2020,210,1050,2
semaine 21,1993,2260349,11745404,35,
semaine 21,1994,2275812,12408788,53,
semaine 21,1995,1810942,9702984,799,74943
semaine 21,1996,2456221,13420063,66,80210
semaine 21,1997,2189587,11658249,23,79767
semaine 21,1998,2284953,12463435,31,89220
semaine 21,1999,2382886,13187425,15,91386
semaine 21,2000,2138860,11463773,2,96282
semaine 21,2001,2275126,12502338,54,102903
semaine 21,2002,2928574,16602676,43,104427
semaine 21,2003,3258294,19112127,2,105701
semaine 21,2004,3316454,19906070,9,110658
semaine 21,2005,4674706,28475342,8,111494
semaine 21,2006,4948290,30874071,84,116954
semaine 21,2007,4468876,27208092,49,110409
semaine 21,2008,3113461,18946483,39,120490
semaine 21,2009,3145766,19284465,23,125719
semaine 21,2010,2352803,14397619,52,129394
semaine 21,2011,3662299,24114536,43,128457
semaine 21,2012,2800920,18241232,01,134258
semaine 21,2013,3897947,25324154,68,135106
semaine 21,2014,3682057,24341904,74,141710
semaine 21,2015,2790606,17980102,17,145733
semaine 21,2016,3086191,20171056,33,148471
semaine 21,2017,2778718,19068216,46,150792
semaine 21,2018,2398314,15607374,07,152882
semaine 21,2019,2727595,18075409,33,156725
semaine 21,2020,920,5551,6
semaine 22,1993,1949715,10230650,48,
semaine 22,1994,1880203,9555535,195,
semaine 22,1995,1938652,10391922,95,72430
semaine 22,1996,1738500,8834998,331,77561
semaine 22,1997,1914472,10180212,19,79875
semaine 22,1998,2680510,14744530,92,88680
semaine 22,1999,1456242,7710589,8,87607
semaine 22,2000,2019477,10835745,21,97869
semaine 22,2001,2180611,12154357,92,101542
semaine 22,2002,2113741,11919671,29,102635
semaine 22,2003,2323967,13650851,56,107014
semaine 22,2004,3538295,21438217,17,109184
semaine 22,2005,2620372,15601449,38,109843
semaine 22,2006,3195558,19458975,12,114195
semaine 22,2007,2388231,14219440,109241
semaine 22,2008,3119308,19270397,14,116829
semaine 22,2009,2472353,14871228,47,124653
semaine 22,2010,2781196,17044971,95,127431
semaine 22,2011,3338391,21237623,76,127736
semaine 22,2012,2821544,19121858,98,129747
semaine 22,2013,3496801,22488201,44,134962
semaine 22,2014,4193718,28401887,71,145866
semaine 22,2015,2362539,15271696,64,143098
semaine 22,2016,3107267,20716453,46,144602
semaine 22,2017,2884958,19505997,69,151191
semaine 22,2018,2202348,14411753,1,155509
semaine 22,2019,2855829,19623790,1,159860
semaine 22,2020,2816,15869,5,15
semaine 23,1993,1518738,7753571,347,
semaine 23,1994,1710524,9050289,272,
semaine 23,1995,1748299,8891980,877,70932
semaine 23,1996,1424803,7190063,526,75195
semaine 23,1997,1840537,9232599,51,81195
semaine 23,1998,1912594,9669411,63,85688
semaine 23,1999,2113666,11089616,54,90077
semaine 23,2000,2082255,11439667,32,99449
semaine 23,2001,2596650,13854018,2,96297
semaine 23,2002,2713538,14845344,04,102717
semaine 23,2003,2192487,12363615,89,108371
semaine 23,2004,4422263,26041699,13,107213
semaine 23,2005,2617151,15790680,71,109623
semaine 23,2006,2089556,11887213,24,114351
semaine 23,2007,2243958,12980878,32,108663
semaine 23,2008,2408041,14810561,1,117158
semaine 23,2009,2652537,16129143,03,121003
semaine 23,2010,2535405,15660634,54,125351
semaine 23,2011,4274961,28044849,29,129406
semaine 23,2012,3516456,23680692,34,132901
semaine 23,2013,2721501,17358396,31,135687
semaine 23,2014,2861909,19047964,18,143769
semaine 23,2015,1606750,10192766,85,143043
semaine 23,2016,3123418,20831375,36,145970
semaine 23,2017,2245191,14980673,31,147911
semaine 23,2018,2983372,21108366,9,153940
semaine 23,2019,3572104,25314003,82,157402
semaine 23,2020,499,2495,2
semaine 24,1993,2116910,10756529,32,
semaine 24,1994,1776519,8883288,996,
semaine 24,1995,1520107,8018377,881,70231
semaine 24,1996,1213505,6387285,904,72661
semaine 24,1997,1609574,8594813,65,79804
semaine 24,1998,1857252,9672940,82,84422
semaine 24,1999,1695062,9184014,7,89129
semaine 24,2000,1960766,10775815,82,99262
semaine 24,2001,2225353,12258342,9,93124
semaine 24,2002,2916569,16739464,64,102141
semaine 24,2003,1766599,10259790,46,106314
semaine 24,2004,3560392,20157684,04,106377
semaine 24,2005,2437708,14123176,39,110169
semaine 24,2006,2222015,13381233,85,116059
semaine 24,2007,3342271,20370907,93,114064
semaine 24,2008,2480206,14863623,89,118077
semaine 24,2009,2363872,13889899,5,122692
semaine 24,2010,2514334,14774649,36,126059
semaine 24,2011,3609931,23116359,130319
semaine 24,2012,2863469,18702632,73,131952
semaine 24,2013,2331937,15240354,89,134309
semaine 24,2014,1995827,12894818,32,140574
semaine 24,2015,3656419,26172165,63,140212
semaine 24,2016,2453650,15987911,6,146523
semaine 24,2017,2061673,13810090,38,146324
semaine 24,2018,2302911,16002127,15,152557
semaine 24,2019,2251913,15204054,44,156999
semaine 24,2020,620,3100,2
semaine 25,1993,1522641,7859391,85,
semaine 25,1994,1239397,5981254,869,
semaine 25,1995,2881790,10780642,79,81767
semaine 25,1996,1482218,7911230,462,70099
semaine 25,1997,1922277,10363010,14,80905
semaine 25,1998,1286531,6625944,15,83166
semaine 25,1999,1497297,8190339,75,91693
semaine 25,2000,1695681,8806732,97,96113
semaine 25,2001,1505092,8189298,35,97614
semaine 25,2002,4937435,20864269,75,115809
semaine 25,2003,3950437,16567199,93,116782
semaine 25,2004,3172854,18898072,48,108575
semaine 25,2005,2155366,13086179,09,107109
semaine 25,2006,4060364,19983835,09,131830
semaine 25,2007,4517166,23703592,06,127493
semaine 25,2008,1666833,10066717,48,116433
semaine 25,2009,2180024,13195115,3,124435
semaine 25,2010,2533975,15860740,96,125674
semaine 25,2011,2907735,18921186,85,128300
semaine 25,2012,3461611,20296169,2,139333
semaine 25,2013,3089784,20802344,43,134245
semaine 25,2014,1678037,10616177,85,139001
semaine 25,2015,3010587,20397246,85,141054
semaine 25,2016,2156426,13910653,51,147773
semaine 25,2017,3430859,17585576,21,157261
semaine 25,2018,1736105,11594805,31,155005
semaine 25,2019,1919383,12720467,38,159565
semaine 25,2020,197400,1211707,15,26663
semaine 26,1993,3600122,13704427,73,
semaine 26,1994,2956858,11427863,26,
semaine 26,1995,1331185,7138312,725,70091
semaine 26,1996,3889228,14756591,82,88128
semaine 26,1997,5626906,21181661,38,97570
semaine 26,1998,4394610,16122366,97,100709
semaine 26,1999,5624275,21521634,1,106942
semaine 26,2000,4889156,19269070,75,107774
semaine 26,2001,4454211,18228925,84,114020
semaine 26,2002,3103155,17738882,84,103595
semaine 26,2003,2134722,12627275,99,106195
semaine 26,2004,6842280,30756217,26,126249
semaine 26,2005,4552672,21637034,42,126278
semaine 26,2006,1832522,10900919,79,114295
semaine 26,2007,2757482,16780279,78,115381
semaine 26,2008,3490220,17700723,14,129841
semaine 26,2009,3494564,20184883,29,130353
semaine 26,2010,2450500,13977117,37,136488
semaine 26,2011,2828042,16825165,47,135992
semaine 26,2012,4443793,27698363,18,138924
semaine 26,2013,4452000,23030002,25,142965
semaine 26,2014,3487511,16279845,44,147617
semaine 26,2015,3383334,18440734,19,151177
semaine 26,2016,3088441,15932699,78,156388
semaine 26,2017,3777290,23338842,16,152208
semaine 26,2018,2334538,12073186,2,163267
semaine 26,2019,3776649,19890952,47,170121
semaine 26,2020,913258,5793976,3,115993
semaine 27,1993,1804225,9492091,555,
semaine 27,1994,1132091,5940913,81,
semaine 27,1995,1403191,7531859,101,68168
semaine 27,1996,1986136,10843026,91,74206
semaine 27,1997,2257253,12208480,96,81720
semaine 27,1998,1778320,9431670,12,82632
semaine 27,1999,2320100,12980833,07,88879
semaine 27,2000,1926818,10846762,56,90183
semaine 27,2001,2727244,15299848,76,98536
semaine 27,2002,3163347,18062055,66,103864
semaine 27,2003,2591988,15450466,43,103935
semaine 27,2004,3689404,21947695,53,112918
semaine 27,2005,2558461,15463223,04,111634
semaine 27,2006,2101539,12682280,62,115383
semaine 27,2007,3257853,20394550,13,114454
semaine 27,2008,2834620,16898306,19,119715
semaine 27,2009,5350305,30835506,47,133900
semaine 27,2010,3780976,22654957,53,138291
semaine 27,2011,3988530,24230615,39,134382
semaine 27,2012,4542677,31031095,21,136923
semaine 27,2013,3717661,21441703,54,140543
semaine 27,2014,3798522,21967692,32,146414
semaine 27,2015,4238961,25780957,35,147846
semaine 27,2016,4657259,27615654,17,153023
semaine 27,2017,3724743,24499347,03,156281
semaine 27,2018,3732159,22425895,4,162831
semaine 27,2019,3976925,24858134,36,167070
semaine 27,2020,974874,6126006,86,121764
semaine 28,1993,2193525,11715593,25,
semaine 28,1994,1272298,6790307,444,
semaine 28,1995,1325090,7193139,947,67322
semaine 28,1996,1469819,7914870,639,72618
semaine 28,1997,1804783,9827545,12,79597
semaine 28,1998,2048635,11014547,79,81530
semaine 28,1999,1927957,10724334,53,88653
semaine 28,2000,2514947,14299101,81,92620
semaine 28,2001,2790246,15752381,85,98013
semaine 28,2002,3256240,18619758,47,105047
semaine 28,2003,1853752,10957185,05,104171
semaine 28,2004,4039639,24180651,34,113767
semaine 28,2005,3608611,22251063,64,112197
semaine 28,2006,2210242,13609147,95,112517
semaine 28,2007,4221550,26009059,26,113351
semaine 28,2008,3522756,22055008,53,123153
semaine 28,2009,4322302,28270192,3,128319
semaine 28,2010,4114820,26710260,73,131143
semaine 28,2011,3808198,25025442,63,134001
semaine 28,2012,4018200,26952634,83,137846
semaine 28,2013,2528642,16812896,55,141160
semaine 28,2014,3535298,22272626,91,148107
semaine 28,2015,4952962,32657898,18,151723
semaine 28,2016,3189552,20966487,79,156424
semaine 28,2017,3497050,23380600,92,155470
semaine 28,2018,2548394,16984040,05,164706
semaine 28,2019,2971759,20582236,81,167260
semaine 28,2020,1184074,7771715,84,127040
semaine 29,1993,2030118,10825391,76,
semaine 29,1994,1243582,6728159,163,
semaine 29,1995,1611293,8697380,316,66424
semaine 29,1996,1379535,7483726,83,73006
semaine 29,1997,2018403,10984284,68,78628
semaine 29,1998,2005276,11015073,27,81480
semaine 29,1999,1827164,10221646,14,86485
semaine 29,2000,2424890,13926866,19,87127
semaine 29,2001,2469500,13673443,34,99440
semaine 29,2002,2358051,13417351,71,102016
semaine 29,2003,2277085,13470677,86,103757
semaine 29,2004,4339057,26289609,61,109574
semaine 29,2005,2681468,16400486,95,109933
semaine 29,2006,2435537,14858570,69,113201
semaine 29,2007,3324280,20495951,39,111138
semaine 29,2008,3148669,19626667,66,123799
semaine 29,2009,5767972,36938049,31,123118
semaine 29,2010,4225762,28484037,08,131305
semaine 29,2011,5908980,41421505,69,132829
semaine 29,2012,2829207,18753510,78,138714
semaine 29,2013,2722160,18447498,34,139616
semaine 29,2014,3684125,25082242,36,142346
semaine 29,2015,3884458,25565001,62,150566
semaine 29,2016,3669798,24424743,51,157831
semaine 29,2017,4313250,28968538,33,157050
semaine 29,2018,3218459,21663663,67,164249
semaine 29,2019,5335553,38700764,52,164639
semaine 29,2020,1169624,7508578,79,131503
semaine 30,1993,1912326,10036240,03,
semaine 30,1994,1445565,7746435,208,
semaine 30,1995,1534639,8299126,924,65993
semaine 30,1996,1600056,8703926,02,72410
semaine 30,1997,2002370,10903424,36,77027
semaine 30,1998,2496880,13837782,39,80584
semaine 30,1999,2316945,12865361,26,86424
semaine 30,2000,1989481,11146897,29,87763
semaine 30,2001,2311601,12940361,76,97927
semaine 30,2002,2220060,12598984,86,100121
semaine 30,2003,2538420,15181194,96,103621
semaine 30,2004,3004881,18033155,26,108536
semaine 30,2005,3467986,21189228,15,110577
semaine 30,2006,2477044,15213485,92,110750
semaine 30,2007,4227618,26497802,94,109650
semaine 30,2008,2747691,16982370,01,120458
semaine 30,2009,3821579,24202752,68,123848
semaine 30,2010,4516420,29947640,43,127337
semaine 30,2011,4337829,29127322,93,131145
semaine 30,2012,3667209,24442216,02,129049
semaine 30,2013,3256948,22175604,76,136846
semaine 30,2014,3203721,21035625,26,140512
semaine 30,2015,3936012,25737180,15,149787
semaine 30,2016,3792051,25553357,25,154351
semaine 30,2017,4473549,31202776,37,153227
semaine 30,2018,3439755,22774997,32,161766
semaine 30,2019,4700096,33357272,05,162314
semaine 30,2020,1079077,6944969,07,127137
semaine 31,1993,1695568,8970269,698,
semaine 31,1994,1357823,7319460,879,
semaine 31,1995,2091078,11531628,14,65650
semaine 31,1996,1710294,9415626,024,70704
semaine 31,1997,1851932,10139181,93,76724
semaine 31,1998,2570788,14255937,93,81537
semaine 31,1999,2170609,12101242,08,86541
semaine 31,2000,2902498,16490849,87337
semaine 31,2001,2748185,15544799,55,98840
semaine 31,2002,2603338,15029117,4,99096
semaine 31,2003,2017335,12068488,09,102309
semaine 31,2004,2913336,17612152,12,106743
semaine 31,2005,3417029,20985869,37,108894
semaine 31,2006,4198484,26037556,9,107019
semaine 31,2007,4177980,25898371,52,111123
semaine 31,2008,3161163,19884797,89,120110
semaine 31,2009,3951701,25943065,08,123176
semaine 31,2010,4160322,27978889,09,125912
semaine 31,2011,3819357,25602050,73,129973
semaine 31,2012,3610143,24307298,33,127752
semaine 31,2013,3318439,22383349,64,135460
semaine 31,2014,3955218,27680438,86,138454
semaine 31,2015,3329720,21585293,43,147088
semaine 31,2016,4345673,28986703,34,150588
semaine 31,2017,4662045,32281370,93,150549
semaine 31,2018,3457041,24113754,17,154012
semaine 31,2019,3547163,24737490,77,159787
semaine 31,2020,1054017,6810379,69,122584
semaine 32,1993,1614877,8528296,215,
semaine 32,1994,1546402,8437906,601,
semaine 32,1995,1865273,10297782,48,67252
semaine 32,1996,2386746,13205478,26,72308
semaine 32,1997,2801360,15368557,93,77112
semaine 32,1998,2470702,13736545,15,80408
semaine 32,1999,2892746,16109689,5,87204
semaine 32,2000,2547446,14453414,68,86890
semaine 32,2001,2828453,16021795,43,99124
semaine 32,2002,3637870,21072073,36,101688
semaine 32,2003,2862682,17611806,02,96239
semaine 32,2004,3357292,20313237,8,106754
semaine 32,2005,2972613,18259494,59,108888
semaine 32,2006,3449841,21650569,22,108321
semaine 32,2007,4022055,25116315,74,112723
semaine 32,2008,3143388,19834035,92,118662
semaine 32,2009,3247853,21227903,53,121713
semaine 32,2010,3394132,22666051,1,126226
semaine 32,2011,4531994,30388864,44,129396
semaine 32,2012,2711374,18525269,92,129735
semaine 32,2013,3310548,22234155,42,132758
semaine 32,2014,5119957,34750979,92,139069
semaine 32,2015,3344979,21917787,52,145097
semaine 32,2016,4088735,28139298,27,147912
semaine 32,2017,4314308,29975099,67,152922
semaine 32,2018,3658182,25055815,48,151717
semaine 32,2019,4304660,30506088,15,159081
semaine 32,2020,1174054,7750978,89,119492
semaine 33,1993,1930754,10259475,54,
semaine 33,1994,1682171,9196619,291,
semaine 33,1995,1962637,10840908,17,68623
semaine 33,1996,1803788,9960601,533,75048
semaine 33,1997,2120713,11689191,41,77859
semaine 33,1998,2480144,13672819,59,82584
semaine 33,1999,2534981,14179105,52,86539
semaine 33,2000,2317476,13203539,87,89251
semaine 33,2001,3012620,17153781,08,100743
semaine 33,2002,2335549,13458620,98,103756
semaine 33,2003,3134777,19066117,24,99249
semaine 33,2004,3238408,19570218,17,107077
semaine 33,2005,2626364,16175290,06,108833
semaine 33,2006,3332272,20141704,69,109833
semaine 33,2007,4084853,24629473,22,115129
semaine 33,2008,3792733,23733732,37,116687
semaine 33,2009,2686980,17206490,8,123608
semaine 33,2010,3870291,25888381,54,127409
semaine 33,2011,4240317,28476046,81,128275
semaine 33,2012,2903962,19531834,18,131757
semaine 33,2013,3275020,22162501,71,134224
semaine 33,2014,4365017,29786168,64,139960
semaine 33,2015,3868887,25615201,95,143757
semaine 33,2016,3105418,21166783,43,147012
semaine 33,2017,3120403,21160355,08,154580
semaine 33,2018,2868027,19680755,18,154349
semaine 33,2019,4341736,31102610,32,156184
semaine 33,2020,1345531,8855130,92,118200
semaine 34,1993,2015949,10697053,62,
semaine 34,1994,2094714,11396502,67,
semaine 34,1995,2451009,13440275,81,71952
semaine 34,1996,2696605,14846628,97,77777
semaine 34,1997,2609250,14251703,31,81047
semaine 34,1998,3018701,16580628,71,86510
semaine 34,1999,3072319,17100192,7,91860
semaine 34,2000,2959320,16786509,98,93280
semaine 34,2001,3568532,19922152,05,103738
semaine 34,2002,3222164,17865875,03,107026
semaine 34,2003,3409574,19496005,51,104530
semaine 34,2004,3920525,22889205,32,110907
semaine 34,2005,3242229,19011607,72,111138
semaine 34,2006,3265825,19564634,79,113973
semaine 34,2007,3056565,18139163,9,119422
semaine 34,2008,3261394,20038521,33,120640
semaine 34,2009,3478162,22019101,35,124389
semaine 34,2010,4037162,26472206,75,129578
semaine 34,2011,3611632,23814310,82,129597
semaine 34,2012,3754071,24522789,51,136556
semaine 34,2013,3767754,24655619,17,137832
semaine 34,2014,4295951,27928128,26,143404
semaine 34,2015,3469464,22161135,19,149517
semaine 34,2016,3720985,25145600,1,149355
semaine 34,2017,2843523,18674967,33,155877
semaine 34,2018,3637118,24767041,57,158353
semaine 34,2019,2759191,18718505,13,159888
semaine 34,2020,1488087,9846745,39,122039
semaine 35,1993,2880620,15430062,03,
semaine 35,1994,2506950,13490827,3,
semaine 35,1995,2168367,11973338,5,72571
semaine 35,1996,2527970,13903681,8,78882
semaine 35,1997,2938710,16025621,8,82960
semaine 35,1998,2662703,14627527,77,88462
semaine 35,1999,3008061,16815147,93,93104
semaine 35,2000,3048763,16963527,73,95938
semaine 35,2001,3838078,21407331,67,102966
semaine 35,2002,2703206,15238760,52,107429
semaine 35,2003,3033129,17692490,33,104832
semaine 35,2004,3334235,19512115,7,112801
semaine 35,2005,2675546,15698188,47,113515
semaine 35,2006,2291931,13744582,1,112116
semaine 35,2007,2601687,15599743,05,117277
semaine 35,2008,2679382,15999529,13,121222
semaine 35,2009,3737450,23998812,16,123629
semaine 35,2010,4031652,25441610,06,130563
semaine 35,2011,3793321,24382559,79,129520
semaine 35,2012,3057166,19739244,55,135669
semaine 35,2013,2873358,18580565,62,137261
semaine 35,2014,3564174,23291469,94,142857
semaine 35,2015,2813205,17912597,89,148559
semaine 35,2016,3341662,21716890,88,152787
semaine 35,2017,3026562,20018194,27,151703
semaine 35,2018,2796945,18618208,42,156732
semaine 35,2019,2880916,19578778,94,156371
semaine 35,2020,2311544,16477578,41,134036
semaine 36,1993,2554544,13847986,83,
semaine 36,1994,2340513,12596836,99,
semaine 36,1995,1815574,10138806,81,71231
semaine 36,1996,2249528,12268384,82,78983
semaine 36,1997,2178174,11837193,23,81835
semaine 36,1998,2531630,13842979,7,85206
semaine 36,1999,2597173,13845942,35,93080
semaine 36,2000,2973485,16082411,99,99003
semaine 36,2001,2661899,15223897,35,101251
semaine 36,2002,2167297,12516770,52,105301
semaine 36,2003,2859414,17257378,07,106699
semaine 36,2004,1881897,11300461,22,111091
semaine 36,2005,1649618,10024560,72,110287
semaine 36,2006,1624803,8946414,18,110793
semaine 36,2007,1636861,10034335,68,114485
semaine 36,2008,2067317,13001195,75,117659
semaine 36,2009,2335522,15148037,72,118592
semaine 36,2010,2269681,14882777,37,124039
semaine 36,2011,3223443,21065581,54,128353
semaine 36,2012,1900679,11910968,95,132145
semaine 36,2013,2114933,13659496,36,131323
semaine 36,2014,2081557,13875127,42,136797
semaine 36,2015,2008941,13217576,09,142776
semaine 36,2016,2330271,15446185,23,145870
semaine 36,2017,2302735,15613403,35,146798
semaine 36,2018,1881165,12756334,86,152585
semaine 36,2019,2357826,16666776,46,154549
semaine 36,2020,1268946,9084419,8,121347
semaine 37,1993,2248615,12280598,12,
semaine 37,1994,1725823,9237666,951,
semaine 37,1995,1794983,9710861,078,71359
semaine 37,1996,1819449,10026085,4,78947
semaine 37,1997,2012263,11047343,82,81056
semaine 37,1998,2369564,13209940,88,85606
semaine 37,1999,1854344,10412113,62,92424
semaine 37,2000,1951593,10990150,02,94416
semaine 37,2001,2422334,13676144,24,102414
semaine 37,2002,1871062,10787982,43,105531
semaine 37,2003,2281837,13445027,18,108155
semaine 37,2004,2493950,14956270,15,111902
semaine 37,2005,1931088,10547208,24,111115
semaine 37,2006,2311291,10963995,21,112860
semaine 37,2007,1964104,10937740,89,116171
semaine 37,2008,2872220,13864206,1,121248
semaine 37,2009,2543283,13448857,93,123321
semaine 37,2010,2346859,15195447,94,124096
semaine 37,2011,2426131,14756109,2,126199
semaine 37,2012,2131698,12924856,7,129805
semaine 37,2013,2350914,15011771,33,130081
semaine 37,2014,2086318,13407964,17,138161
semaine 37,2015,2346620,15194148,19,143038
semaine 37,2016,1925266,12902450,94,144553
semaine 37,2017,2378762,16269321,38,147954
semaine 37,2018,2316412,15487668,61,155951
semaine 37,2019,2368325,16755403,19,151024
semaine 37,2020,1128503,8036009,75,121456
semaine 38,1993,2105356,11389860,46,
semaine 38,1994,2574784,14172511,61,
semaine 38,1995,2078918,11434015,19,71806
semaine 38,1996,2036207,11185529,39,79596
semaine 38,1997,1917674,10462850,04,82443
semaine 38,1998,2681241,14803702,87,84736
semaine 38,1999,2393509,13521007,83,91244
semaine 38,2000,2183929,12295555,26,95925
semaine 38,2001,2877622,16272094,04,102946
semaine 38,2002,2191289,12661725,7,105153
semaine 38,2003,2240399,13229458,8,108522
semaine 38,2004,2305300,13820185,37,111026
semaine 38,2005,2086358,9956197,16,111216
semaine 38,2006,2424347,14980440,89,114529
semaine 38,2007,2319742,11183492,85,119420
semaine 38,2008,1991655,12193004,39,120868
semaine 38,2009,2588281,15199610,74,121390
semaine 38,2010,2465822,15322167,97,125448
semaine 38,2011,2787715,17075299,78,127424
semaine 38,2012,2585530,16998886,75,128920
semaine 38,2013,2143271,13603476,46,130323
semaine 38,2014,2191065,14358977,18,141462
semaine 38,2015,2203036,14601885,26,141341
semaine 38,2016,2446127,16158107,3,145501
semaine 38,2017,2695465,18536308,150444
semaine 38,2018,2898725,19778765,44,156752
semaine 38,2019,2600962,18277072,15,150569
semaine 38,2020,1247327,8529480,36,121982
semaine 39,1993,2140869,11452707,88,
semaine 39,1994,2400929,13138433,92,
semaine 39,1995,2180618,11842768,96,73484
semaine 39,1996,1975794,10626673,7,80175
semaine 39,1997,1865077,10022986,47,83263
semaine 39,1998,2668247,14531084,51,85779
semaine 39,1999,2376743,13204945,24,92315
semaine 39,2000,2330125,13106134,89,95060
semaine 39,2001,2862252,16133317,16,101704
semaine 39,2002,2459621,14195350,51,104840
semaine 39,2003,2917311,17290451,86,110305
semaine 39,2004,2544225,15080823,53,112241
semaine 39,2005,2049841,12386652,48,113154
semaine 39,2006,2978404,18511234,65,115109
semaine 39,2007,2336941,14199169,25,117795
semaine 39,2008,2336542,14269053,47,120261
semaine 39,2009,2204631,13605189,08,121582
semaine 39,2010,2909053,19073840,6,124107
semaine 39,2011,2464596,15268158,75,130633
semaine 39,2012,3291940,21339844,23,132143
semaine 39,2013,2689422,17272681,09,133010
semaine 39,2014,2162972,13948972,75,140367
semaine 39,2015,2274129,15341374,06,143670
semaine 39,2016,2473645,16347312,19,149737
semaine 39,2017,2798040,18775340,57,152696
semaine 39,2018,2557230,16966505,35,156614
semaine 39,2019,3041423,21164976,61,158526
semaine 39,2020,1506472,9992733,124207
semaine 40,1993,2473483,13362387,02,
semaine 40,1994,2197000,11894869,48,
semaine 40,1995,2448444,13108306,95,73045
semaine 40,1996,3353300,18571096,58,80260
semaine 40,1997,2230610,12113611,07,82758
semaine 40,1998,3001514,16617771,76,82497
semaine 40,1999,2370049,13195213,41,93463
semaine 40,2000,2811857,15842356,84,96255
semaine 40,2001,2833176,15773654,88,103085
semaine 40,2002,2949796,17161296,04,104244
semaine 40,2003,2754243,16317868,56,110706
semaine 40,2004,2506317,14773348,29,112541
semaine 40,2005,2374916,14399059,34,114572
semaine 40,2006,2706920,16302223,19,115431
semaine 40,2007,2305342,13979539,53,118726
semaine 40,2008,2699068,16812176,52,120425
semaine 40,2009,2979999,18306888,84,125797
semaine 40,2010,2639164,16848950,26,124954
semaine 40,2011,2219197,13333818,39,131905
semaine 40,2012,3525867,22956430,41,136290
semaine 40,2013,2722674,17615276,8,137632
semaine 40,2014,2694153,17553361,91,142631
semaine 40,2015,2208750,15059899,9,144652
semaine 40,2016,3128167,20611960,05,150539
semaine 40,2017,3144315,21752654,57,147799
semaine 40,2018,3204430,21903223,14,158613
semaine 40,2019,3099529,21796250,9,160794
semaine 40,2020,1458980,9603634,02,128276
semaine 41,1993,3244966,17207590,44,
semaine 41,1994,2137520,11469085,32,
semaine 41,1995,3142480,17039528,66,73725
semaine 41,1996,2918834,16012047,74,80712
semaine 41,1997,2304000,12520520,3,83768
semaine 41,1998,3083365,16961800,89,85185
semaine 41,1999,2101112,11474274,16,95098
semaine 41,2000,2747931,15264381,26,97333
semaine 41,2001,3049224,16880357,84,103536
semaine 41,2002,3409986,19672328,25,105646
semaine 41,2003,2425032,14021697,34,110840
semaine 41,2004,3345150,20152299,87,116053
semaine 41,2005,2098918,12479932,97,114898
semaine 41,2006,2618012,15352627,71,117129
semaine 41,2007,2272660,13548860,83,118688
semaine 41,2008,2656570,16265217,11,122945
semaine 41,2009,3074438,18782226,92,127393
semaine 41,2010,2865158,18574905,25,128660
semaine 41,2011,3198411,19979058,133267
semaine 41,2012,3627130,23338482,35,138212
semaine 41,2013,3213327,20702439,31,135323
semaine 41,2014,3608280,24008768,84,140548
semaine 41,2015,3558370,24175420,61,145458
semaine 41,2016,3638866,24766287,28,148390
semaine 41,2017,3133787,21453170,76,147297
semaine 41,2018,3452393,23660318,06,162420
semaine 41,2019,4026059,29288771,34,162182
semaine 41,2020,1373416,8685517,26,131848
semaine 42,1993,3059397,15838682,26,
semaine 42,1994,2259647,12066066,07,
semaine 42,1995,2968823,15868357,68,74706
semaine 42,1996,2560244,13819531,01,79679
semaine 42,1997,2762468,14926664,73,85547
semaine 42,1998,3195588,17285389,82,85449
semaine 42,1999,3622787,20203332,67,98284
semaine 42,2000,2720088,14856264,37,98532
semaine 42,2001,3903949,21859935,89,105598
semaine 42,2002,3540662,20106467,3,108210
semaine 42,2003,3128512,18375491,2,107890
semaine 42,2004,3543611,20931931,8,115792
semaine 42,2005,2555467,15069982,57,117098
semaine 42,2006,3000712,17646606,52,119377
semaine 42,2007,2464015,14515887,5,119283
semaine 42,2008,2799163,17000580,57,124760
semaine 42,2009,2806408,16935493,28,130320
semaine 42,2010,3502771,21852191,26,130186
semaine 42,2011,3027856,18999772,35,134506
semaine 42,2012,3728202,24192708,92,139192
semaine 42,2013,4077992,26679295,87,143942
semaine 42,2014,4987044,32689165,23,147539
semaine 42,2015,4921262,31937633,62,155118
semaine 42,2016,3655377,24417900,98,149182
semaine 42,2017,4339711,29026147,63,160549
semaine 42,2018,3978530,26930013,75,170015
semaine 42,2019,5069047,35543087,47,171859
semaine 42,2020,1974676,12604135,04,144458
semaine 43,1993,4987474,26671210,77,
semaine 43,1994,2388782,12724096,24,
semaine 43,1995,4536477,24575073,06,83428
semaine 43,1996,4121976,22303922,36,87146
semaine 43,1997,4713938,25549037,92928
semaine 43,1998,4473895,24413991,67,93789
semaine 43,1999,3354804,18525614,69,97984
semaine 43,2000,2727944,14729225,31,100764
semaine 43,2001,4193852,23332138,34,111381
semaine 43,2002,4653895,26587066,57,123680
semaine 43,2003,4627435,27157284,45,127969
semaine 43,2004,3729940,22009246,5,125124
semaine 43,2005,3744780,22366388,92,126108
semaine 43,2006,3868574,23345573,77,134755
semaine 43,2007,3476228,21004717,31,126097
semaine 43,2008,4127053,25420369,5,132562
semaine 43,2009,3938297,24265305,7,137864
semaine 43,2010,5030162,32024294,92,134490
semaine 43,2011,4437239,27961511,07,141479
semaine 43,2012,5488875,36052102,65,143034
semaine 43,2013,6078220,42558748,13,154307
semaine 43,2014,5694057,36466538,24,158723
semaine 43,2015,6509507,43113437,57,164565
semaine 43,2016,6339710,41531211,22,169765
semaine 43,2017,6211348,41995869,35,173804
semaine 43,2018,6402773,42934935,85,180096
semaine 43,2019,6058059,41544803,67,182665
semaine 43,2020,3219681,20621743,43,150669
semaine 44,1993,4706565,25486762,55,
semaine 44,1994,3760961,20611766,62,
semaine 44,1995,3290479,18034656,24,78691
semaine 44,1996,4227608,23078958,83,88956
semaine 44,1997,5036624,27353669,94,97664
semaine 44,1998,4497408,24327700,36,98911
semaine 44,1999,4470316,25107401,85,103869
semaine 44,2000,4254639,23359338,28,110466
semaine 44,2001,4009340,22736381,3,114635
semaine 44,2002,4389237,25521500,72,120963
semaine 44,2003,3929927,22993798,2,122896
semaine 44,2004,5896307,35546587,08,131894
semaine 44,2005,5238622,31806042,94,133750
semaine 44,2006,4713664,29078724,39,127655
semaine 44,2007,4239406,26296177,41,134757
semaine 44,2008,6079837,38162847,93,139452
semaine 44,2009,5595082,35242185,06,148152
semaine 44,2010,6510796,42136367,71,143095
semaine 44,2011,7867201,53206289,28,147303
semaine 44,2012,7829506,51996216,83,151995
semaine 44,2013,5621409,40033715,62,148814
semaine 44,2014,4131440,26499271,73,153322
semaine 44,2015,4588318,30367428,96,156883
semaine 44,2016,6530527,43345313,54,170899
semaine 44,2017,5402461,37101846,32,167092
semaine 44,2018,5732945,39895665,54,170931
semaine 44,2019,5363769,37134920,86,172157
semaine 44,2020,883361,5501304,83,59322
semaine 45,1993,2553415,13379002,43,
semaine 45,1994,2941936,15866540,79,
semaine 45,1995,2740986,14967748,95,76054
semaine 45,1996,3154609,17186261,6,83942
semaine 45,1997,4359545,23947153,79,92951
semaine 45,1998,2966012,16017916,87,88318
semaine 45,1999,3898909,21314315,103130
semaine 45,2000,4337353,24154990,99,112124
semaine 45,2001,3026223,16600835,13,106019
semaine 45,2002,3623596,20843921,98,113230
semaine 45,2003,5223748,31384549,25,116498
semaine 45,2004,3258124,18923628,16,117078
semaine 45,2005,2940378,17252290,45,119206
semaine 45,2006,3599282,21375093,42,120753
semaine 45,2007,2656315,15632796,7,120813
semaine 45,2008,4540435,28571282,35,129558
semaine 45,2009,3894608,23953047,11,132927
semaine 45,2010,4035960,25108278,91,129128
semaine 45,2011,5521138,35722888,8,131524
semaine 45,2012,5411065,34896871,54,143900
semaine 45,2013,4678157,32255626,16,143668
semaine 45,2014,4545182,30403216,94,142593
semaine 45,2015,3569829,23179564,06,150368
semaine 45,2016,3952421,25957210,22,152790
semaine 45,2017,3812585,25030309,29,160328
semaine 45,2018,4044045,27365571,46,157902
semaine 45,2019,4390927,31388308,2,163159
semaine 45,2020,169,422,5,3
semaine 46,1993,3097515,16682340,92,
semaine 46,1994,2877879,15988067,82,
semaine 46,1995,2327308,11970473,52,75262
semaine 46,1996,2305823,12131516,55,81126
semaine 46,1997,3599798,19474750,57,88357
semaine 46,1998,3564441,19501960,18,91199
semaine 46,1999,3586769,20031769,98,98058
semaine 46,2000,3079619,16793102,13,104206
semaine 46,2001,2845711,15456304,99,106429
semaine 46,2002,2741641,15250822,89,110421
semaine 46,2003,2991893,17295143,99,111357
semaine 46,2004,3825473,22905166,46,121232
semaine 46,2005,4028471,24320528,94,122604
semaine 46,2006,3337395,19505648,47,118749
semaine 46,2007,2634987,15369040,16,117334
semaine 46,2008,3377542,20077299,24,124460
semaine 46,2009,5433973,33964020,87,127170
semaine 46,2010,5156704,33588818,88,135019
semaine 46,2011,6746650,43431727,04,135812
semaine 46,2012,5207484,32954406,11,134946
semaine 46,2013,3427123,22073557,02,142971
semaine 46,2014,3291115,20408515,96,141544
semaine 46,2015,4293513,28824768,91,146482
semaine 46,2016,4370439,28548109,72,154699
semaine 46,2017,3803838,24686008,03,160295
semaine 46,2018,4378686,29852200,46,156374
semaine 46,2019,3571976,23485028,98,159042
semaine 46,2020,457,1199,5,9
semaine 47,1993,2351826,11575015,44,
semaine 47,1994,2178038,11489701,31,
semaine 47,1995,2975020,15678026,15,76558
semaine 47,1996,2498167,12601782,74,83758
semaine 47,1997,3225782,17212515,16,88390
semaine 47,1998,2800947,14939354,12,90197
semaine 47,1999,2433585,13002985,76,94870
semaine 47,2000,2736791,14777300,99,101985
semaine 47,2001,3200648,17608664,57,105438
semaine 47,2002,3451781,19613973,62,109746
semaine 47,2003,2993554,17239775,1,112079
semaine 47,2004,2990668,17109074,63,116155
semaine 47,2005,2986952,17072460,41,119149
semaine 47,2006,4191239,25425945,57,115897
semaine 47,2007,2924770,17422431,64,120499
semaine 47,2008,3655052,21955157,11,124466
semaine 47,2009,5655361,34952953,68,124817
semaine 47,2010,3654163,21937566,72,130946
semaine 47,2011,6702854,42582968,19,132311
semaine 47,2012,3979685,24654160,86,133253
semaine 47,2013,3533425,22221953,92,142373
semaine 47,2014,3940146,24632197,05,139219
semaine 47,2015,4050455,27399282,36,143668
semaine 47,2016,4216300,27284369,21,153049
semaine 47,2017,3414341,21517398,06,160881
semaine 47,2018,3809303,24508013,28,158731
semaine 47,2019,5702273,38160261,97,164209
semaine 47,2020,325,918,5,6
semaine 48,1993,2460203,12860095,56,
semaine 48,1994,2945728,15432781,42,
semaine 48,1995,2559578,13259647,05,76507
semaine 48,1996,3291854,17056789,55,85749
semaine 48,1997,3619594,19327800,65,88832
semaine 48,1998,3266383,17422932,62,91207
semaine 48,1999,3538794,19014709,04,96880
semaine 48,2000,2805266,15112751,81,101699
semaine 48,2001,3831105,20994571,71,107420
semaine 48,2002,3376189,18891078,35,109389
semaine 48,2003,4505562,26102850,56,113661
semaine 48,2004,3979078,23035711,09,115278
semaine 48,2005,3471133,20234585,86,117528
semaine 48,2006,3744980,22437801,73,114369
semaine 48,2007,3187340,18862839,4,120879
semaine 48,2008,3370901,20143807,94,125590
semaine 48,2009,4332235,26536350,75,126930
semaine 48,2010,5083624,31077697,75,127411
semaine 48,2011,5982009,38418417,93,134367
semaine 48,2012,3614396,22709176,86,136285
semaine 48,2013,4278484,27007748,38,141108
semaine 48,2014,3711266,23334511,18,140446
semaine 48,2015,3953592,25204113,19,146846
semaine 48,2016,3663386,23119530,94,151220
semaine 48,2017,3587477,22712714,59,161452
semaine 48,2018,4014706,26039004,62,162334
semaine 48,2019,4613092,30009809,15,167830
semaine 48,2020,127,332,5,4
semaine 49,1993,2526334,12928750,97,
semaine 49,1994,2957111,15273164,86,
semaine 49,1995,2558540,13299554,54,77281
semaine 49,1996,3026233,15417377,66,87469
semaine 49,1997,3283049,17337361,03,88414
semaine 49,1998,2823724,14775883,32,91176
semaine 49,1999,3795578,20386078,81,96544
semaine 49,2000,3413826,18120222,54,104643
semaine 49,2001,4796842,25999664,03,106037
semaine 49,2002,4581365,25453262,68,107910
semaine 49,2003,3828338,21817280,13,110615
semaine 49,2004,3499106,20099876,93,117146
semaine 49,2005,5466495,32139930,19,116778
semaine 49,2006,3443887,20037963,12,118991
semaine 49,2007,3305952,19372815,48,122630
semaine 49,2008,3778701,22364528,59,127032
semaine 49,2009,4366319,26301023,44,130002
semaine 49,2010,3974158,24330837,26,129842
semaine 49,2011,5831077,37267773,11,135843
semaine 49,2012,3021168,18785838,66,137535
semaine 49,2013,4039989,25626907,69,142713
semaine 49,2014,3530153,21938831,34,141686
semaine 49,2015,3707478,23300830,83,149127
semaine 49,2016,3757514,23695943,61,153828
semaine 49,2017,3663545,22909219,18,163442
semaine 49,2018,3769111,23936146,26,163954
semaine 49,2019,4390783,29022954,59,166456
semaine 49,2020,645,1612,5,16
semaine 50,1993,2457796,12407135,53,
semaine 50,1994,2828739,14381449,85,
semaine 50,1995,2858327,14325091,89,79514
semaine 50,1996,3024772,14937668,17,89634
semaine 50,1997,3191911,16277329,48,91290
semaine 50,1998,2886867,14577918,15,94290
semaine 50,1999,3717645,19429822,59,99222
semaine 50,2000,3167767,16659304,4,105685
semaine 50,2001,4749562,24729950,82,108584
semaine 50,2002,3873355,20717472,59,109404
semaine 50,2003,3677104,20234265,4,115083
semaine 50,2004,4145705,23515103,49,121219
semaine 50,2005,4351424,24514594,55,121892
semaine 50,2006,4377827,24907922,53,122681
semaine 50,2007,3316485,18465397,5,127234
semaine 50,2008,3874014,22195113,97,132253
semaine 50,2009,3829467,22110244,76,134298
semaine 50,2010,4027233,24369292,67,131801
semaine 50,2011,5135379,31508380,26,139694
semaine 50,2012,4143132,27112764,29,135869
semaine 50,2013,4914791,32476387,28,141468
semaine 50,2014,4771284,31268089,52,143644
semaine 50,2015,3687344,22195559,04,152934
semaine 50,2016,3990880,24598449,38,155995
semaine 50,2017,5784545,39734463,5,163563
semaine 50,2018,3826250,23861978,87,166036
semaine 50,2019,3827543,24165201,71,169402
semaine 50,2020,521,1302,5,14
semaine 51,1993,2974757,14113104,67,
semaine 51,1994,3258649,15896052,33,
semaine 51,1995,4079097,21770117,1,87916
semaine 51,1996,3502070,17454316,21,93886
semaine 51,1997,4345883,22398993,83,99344
semaine 51,1998,4200121,21277986,39,105517
semaine 51,1999,4512420,23395331,45,107740
semaine 51,2000,3196512,16195273,23,108195
semaine 51,2001,5693256,31039073,5,106511
semaine 51,2002,5975916,33139809,27,111016
semaine 51,2003,6277027,35950361,47,117218
semaine 51,2004,5249604,29936106,55,128673
semaine 51,2005,5417295,31109256,63,124360
semaine 51,2006,4439743,25963675,61,126585
semaine 51,2007,3903564,22924820,61,129826
semaine 51,2008,4297661,24863699,46,142289
semaine 51,2009,5493634,37050906,29,137040
semaine 51,2010,4290268,26167831,31,141770
semaine 51,2011,5560921,34447657,6,145451
semaine 51,2012,3975747,25733659,76,136249
semaine 51,2013,5242930,34013689,97,147259
semaine 51,2014,5868766,37001486,48,158211
semaine 51,2015,7384309,52121924,27,161811
semaine 51,2016,6232700,40932352,51,164831
semaine 51,2017,5522111,37075961,64,161005
semaine 51,2018,4639972,30670129,48,164115
semaine 51,2019,5924599,41920190,4,172164
semaine 51,2020,572,1451,12
semaine 52,1993,3631662,18680107,23,
semaine 52,1994,4131877,21412380,69,
semaine 52,1995,4039936,21967934,79,66542
semaine 52,1996,3933756,21138849,19,96923
semaine 52,1997,4717669,25715400,99,100781
semaine 52,1998,4505140,24175570,6,106962
semaine 52,1999,4141793,22446192,9,108796
semaine 52,2000,3459381,18139989,55,112249
semaine 52,2001,6782149,38442520,79,98517
semaine 52,2002,6474091,37807538,47,111629
semaine 52,2003,6170047,37113872,42,116708
semaine 52,2004,4903717,29471690,02,126264
semaine 52,2005,5650510,33845490,35,120504
semaine 52,2006,5208600,32057658,42,98169
semaine 52,2007,5074062,31549062,24,119660
semaine 52,2008,4778480,30082233,43,135228
semaine 52,2009,6591094,46452305,73,133981
semaine 52,2010,4527702,29483533,89,140929
semaine 52,2011,5538307,35254216,76,142979
semaine 52,2012,5239630,35578904,3,125953
semaine 52,2013,7083939,49131791,98,145044
semaine 52,2014,6372038,42784518,02,150945
semaine 52,2015,7093964,49951463,97,157481
semaine 52,2016,6371638,42858021,74,163240
semaine 52,2017,6072912,41844284,42,122838
semaine 52,2018,6281007,42941253,01,152528
semaine 52,2019,6120923,44415870,58,171865
semaine 52,2020,30,105,1
semaine 53,1993,1953215,9876904,431,
semaine 53,1994,3125695,16481971,99,
semaine 53,1995,
semaine 53,1996,
semaine 53,1997,534594,2868468,14,12888
semaine 53,1998,1372707,7244029,64,28505
semaine 53,1999,1739349,9254118,85,44237
semaine 53,2000,4348911,24003696,83,86812
semaine 53,2001,
semaine 53,2002,
semaine 53,2003,521990,3100379,94,16588
semaine 53,2004,2315743,13869988,1,53444
semaine 53,2005,3686505,22486124,41,71134
semaine 53,2006,
semaine 53,2007,
semaine 53,2008,550521,3464290,7,18584
semaine 53,2009,1839347,12637576,05,36451
semaine 53,2010,2438967,15922103,13,59902
semaine 53,2011,4007694,25948461,3,83201
semaine 53,2012,
semaine 53,2013,
semaine 53,2014,693011,4623852,23,19321
semaine 53,2015,1818189,12418496,35,43988
semaine 53,2016,4442044,30007683,18,95358
semaine 53,2017,
semaine 53,2018,
semaine 53,2019,
semaine 53,2020,37,129,5,2
