geolocalisation;latitude;longitude
48.870512, 2.303157;48.870512;2.303157
48.871332, 2.335302;48.871332;2.335302
48.871363, 2.344886;48.871363;2.344886
48.84351, 2.325646;48.84351;2.325646
48.852437, 2.338266;48.852437;2.338266
48.85467, 2.333052;48.85467;2.333052
48.871771, 2.355398;48.871771;2.355398
48.861424, 2.345829;48.861424;2.345829
48.843204, 2.298558;48.843204;2.298558
48.852138, 2.338995;48.852138;2.338995
48.852353, 2.339834;48.852353;2.339834
48.849983, 2.343211;48.849983;2.343211
48.841535, 2.34958;48.841535;2.34958
48.8649, 2.314116;48.8649;2.314116
48.833718, 2.373922;48.833718;2.373922
48.832993, 2.378615;48.832993;2.378615
48.898991, 2.376757;48.898991;2.376757
45.292071, 3.387558;45.292071;3.387558
45.585925, 2.742025;45.585925;2.742025
45.46071, 6.441929;45.46071;6.441929
45.677069, 6.392496;45.677069;6.392496
45.676502, 6.391967;45.676502;6.391967
45.452663, 6.567576;45.452663;6.567576
46.10617, 4.748173;46.10617;4.748173
45.731192, 4.914994;45.731192;4.914994
47.026717, 4.841456;47.026717;4.841456
48.135609, -1.537695;48.135609;-1.537695
48.02352, -1.744768;48.02352;-1.744768
48.676977, -1.85005;48.676977;-1.85005
43.31185, 3.473009;43.31185;3.473009
43.526562, 5.448932;43.526562;5.448932
43.293397, 5.567708;43.293397;5.567708
43.256071, 5.568869;43.256071;5.568869
43.332335, 5.151827;43.332335;5.151827
47.874121, -4.110036;47.874121;-4.110036
48.398083, -4.473843;48.398083;-4.473843
48.27416, -4.599116;48.27416;-4.599116
48.667568, -3.912861;48.667568;-3.912861
43.92676, 2.149209;43.92676;2.149209
44.049028, 2.157496;44.049028;2.157496
47.669814, -2.985582;47.669814;-2.985582
49.896685, 2.302146;49.896685;2.302146
43.483711, -1.508634;43.483711;-1.508634
46.631877, 1.067624;46.631877;1.067624
46.888094, 1.419282;46.888094;1.419282
45.653155, 0.150537;45.653155;0.150537
45.650367, 0.164018;45.650367;0.164018
45.650091, 0.162338;45.650091;0.162338
45.471503, -0.152462;45.471503;-0.152462
48.083036, 1.87847;48.083036;1.87847
42.547269, 3.023455;42.547269;3.023455
42.701936, 3.019408;42.701936;3.019408
47.082905, 2.387262;47.082905;2.387262
50.290037, 2.776981;50.290037;2.776981
50.506306, 2.472945;50.506306;2.472945
49.076026, 6.07804;49.076026;6.07804
47.806567, 7.173935;47.806567;7.173935
48.940586, 2.496291;48.940586;2.496291
48.960325, 2.473606;48.960325;2.473606
48.941761, 2.457313;48.941761;2.457313
48.901598, 2.480089;48.901598;2.480089
47.950629, 5.747761;47.950629;5.747761
43.350358, 1.474329;43.350358;1.474329
43.636005, 1.384463;43.636005;1.384463
48.003606, 6.264555;48.003606;6.264555
48.004696, 6.873744;48.004696;6.873744
43.929048, 4.837198;43.929048;4.837198
48.883026, 6.051403;48.883026;6.051403
48.684271, -1.35894;48.684271;-1.35894
43.137499, 5.752051;43.137499;5.752051
50.106254, 3.54484;50.106254;3.54484
44.307917, 4.346467;44.307917;4.346467
43.880921, 0.98659;43.880921;0.98659
47.20201, -0.995912;47.20201;-0.995912
46.122277, 1.045319;46.122277;1.045319
48.800013, 2.023763;48.800013;2.023763
48.683571, 2.535014;48.683571;2.535014
48.608596, 2.303919;48.608596;2.303919
47.079739, -2.03865;47.079739;-2.03865
47.178021, -1.624832;47.178021;-1.624832
47.279819, -1.508095;47.279819;-1.508095
44.637692, -0.974856;44.637692;-0.974856
45.069909, -1.142214;45.069909;-1.142214
48.754035, 2.502015;48.754035;2.502015
49.048453, 2.010977;49.048453;2.010977
49.571514, 0.475348;49.571514;0.475348
43.641276, -1.432502;43.641276;-1.432502
44.651621, 0.591622;44.651621;0.591622
48.162712, -0.971524;48.162712;-0.971524
45.165031, 1.542022;45.165031;1.542022
44.530413, 1.555391;44.530413;1.555391
44.447834, 1.439163;44.447834;1.439163
43.655944, 6.87474;43.655944;6.87474
43.552366, 7.016598;43.552366;7.016598
43.772944, 7.193186;43.772944;7.193186
44.574792, 2.081445;44.574792;2.081445
43.120092, 0.309567;43.120092;0.309567
48.118209, -1.610628;48.118209;-1.610628
46.587908, -1.642858;46.587908;-1.642858
45.626941, 4.935433;45.626941;4.935433
45.780835, 4.739883;45.780835;4.739883
46.158309, 4.170764;46.158309;4.170764
47.246351, 6.672576;47.246351;6.672576
46.435078, 4.273364;46.435078;4.273364
46.647373, -0.742446;46.647373;-0.742446
47.721188, -1.376037;47.721188;-1.376037
47.064474, 3.93279;47.064474;3.93279
46.808819, 1.690195;46.808819;1.690195
49.046046, 3.402936;49.046046;3.402936
46.278127, 6.859481;46.278127;6.859481
48.765842, 2.259825;48.765842;2.259825
48.22475, -1.179471;48.22475;-1.179471
46.119679, 4.956909;46.119679;4.956909
49.622785, 3.220456;49.622785;3.220456
48.802513, 2.263801;48.802513;2.263801
47.458201, 3.515322;47.458201;3.515322
45.69146, -0.322862;45.69146;-0.322862
48.923159, 2.255372;48.923159;2.255372
43.611008, 1.332576;43.611008;1.332576
48.659579, 2.566711;48.659579;2.566711
49.004829, 2.077668;49.004829;2.077668
46.012696, 0.670482;46.012696;0.670482
50.931939, 1.8108;50.931939;1.8108
47.409738, 2.924065;47.409738;2.924065
46.191994, -1.426164;46.191994;-1.426164
49.412798, 1.840232;49.412798;1.840232
48.809696, 3.090876;48.809696;3.090876
45.731555, 3.199146;45.731555;3.199146
45.745756, 4.718034;45.745756;4.718034
50.253278, 1.884465;50.253278;1.884465
49.231725, 2.890294;49.231725;2.890294
43.655112, 3.943144;43.655112;3.943144
48.777428, 2.466468;48.777428;2.466468
46.831224, 3.459781;46.831224;3.459781
44.750763, 5.3764;44.750763;5.3764
44.087669, 6.231264;44.087669;6.231264
47.323572, 5.034663;47.323572;5.034663
48.592827, -0.642599;48.592827;-0.642599
49.02987, 2.333691;49.02987;2.333691
50.159213, 2.335821;50.159213;2.335821
49.295699, -0.380152;49.295699;-0.380152
48.927466, 2.438309;48.927466;2.438309
48.731866, 1.361178;48.731866;1.361178
43.990835, 3.955297;43.990835;3.955297
42.601026, 2.9735;42.601026;2.9735
48.177085, 6.455937;48.177085;6.455937
48.95411, 2.312115;48.95411;2.312115
44.523418, 2.763821;44.523418;2.763821
48.433642, 2.155867;48.433642;2.155867
48.627929, 2.429517;48.627929;2.429517
45.738722, 1.741383;45.738722;1.741383
44.879016, -0.6384;44.879016;-0.6384
48.033874, -3.488682;48.033874;-3.488682
43.620961, 6.698294;43.620961;6.698294
49.174952, 3.127739;49.174952;3.127739
45.389679, 4.28977;45.389679;4.28977
43.382416, 6.204033;43.382416;6.204033
48.404394, 2.699594;48.404394;2.699594
49.141819, 6.81071;49.141819;6.81071
48.884043, 2.529952;48.884043;2.529952
43.901202, 1.895449;43.901202;1.895449
43.936455, 3.709731;43.936455;3.709731
44.557036, 6.078807;44.557036;6.078807
45.629474, 0.233829;45.629474;0.233829
48.844239, 2.188722;48.844239;2.188722
43.454749, 5.470731;43.454749;5.470731
48.069277, 6.867186;48.069277;6.867186
46.152434, 6.657281;46.152434;6.657281
46.332254, 6.05905;46.332254;6.05905
50.135351, 4.82068;50.135351;4.82068
49.504857, 0.228509;49.504857;0.228509
44.775936, 1.72351;44.775936;1.72351
51.018143, 2.300028;51.018143;2.300028
43.659584, 6.922053;43.659584;6.922053
51.003064, 2.131258;51.003064;2.131258
47.448741, 5.587904;47.448741;5.587904
45.185486, 5.731291;45.185486;5.731291
47.641631, -3.45272;47.641631;-3.45272
47.630162, -1.8325;47.630162;-1.8325
47.941328, -1.226507;47.941328;-1.226507
47.8255858, -1.8447579999999562;47.8255858;-1.8447579999999562
50.445859, 2.905974;50.445859;2.905974
49.48976, 0.131344;49.48976;0.131344
49.419105, 0.234146;49.419105;0.234146
45.184656, -1.059343;45.184656;-1.059343
49.110771, 2.211976;49.110771;2.211976
43.381163, 0.836443;43.381163;0.836443
44.18736, 7.045728;44.18736;7.045728
45.543752, 3.244977;45.543752;3.244977
48.825247, 2.271161;48.825247;2.271161
48.824074, 2.387803;48.824074;2.387803
47.953858, -2.545992;47.953858;-2.545992
43.847212, 5.273548;43.847212;5.273548
48.46778, -2.510319;48.46778;-2.510319
48.452604, -4.252927;48.452604;-4.252927
44.314841, 5.822237;44.314841;5.822237
43.860403, 7.223268;43.860403;7.223268
50.636559, 3.066988;50.636559;3.066988
49.518115, 0.53231;49.518115;0.53231
49.143794, 0.227798;49.143794;0.227798
46.673143, 5.558777;46.673143;5.558777
43.493104, 6.361864;43.493104;6.361864
48.172681, -2.751236;48.172681;-2.751236
42.795333, 0.411078;42.795333;0.411078
46.630199, 5.222983;46.630199;5.222983
43.395569, 6.311016;43.395569;6.311016
49.310786, -0.361997;49.310786;-0.361997
47.686072, 6.497922;47.686072;6.497922
45.768607, 4.834444;45.768607;4.834444
45.757455, 4.835595;45.757455;4.835595
46.993184, -1.823515;46.993184;-1.823515
48.820911, 2.302756;48.820911;2.302756
48.007113, 0.199047;48.007113;0.199047
49.000101, 1.683456;49.000101;1.683456
48.642026, 2.222592;48.642026;2.222592
43.360713, 5.330247;43.360713;5.330247
48.732679, 2.288638;48.732679;2.288638
47.891029, -1.991909;47.891029;-1.991909
42.814211, 2.600537;42.814211;2.600537
43.731827, 0.878411;43.731827;0.878411
48.95945, 2.882959;48.95945;2.882959
46.222661, -0.144659;46.222661;-0.144659
50.066803, 1.384364;50.066803;1.384364
49.234352, 2.134691;49.234352;2.134691
49.060326, 2.170288;49.060326;2.170288
45.916394, 6.090209;45.916394;6.090209
44.100489, 3.076198;44.100489;3.076198
43.513752, 0.405519;43.513752;0.405519
47.808314, -3.635534;47.808314;-3.635534
45.008093, 0.159645;45.008093;0.159645
44.481887, 0.946365;44.481887;0.946365
48.490092, 3.148397;48.490092;3.148397
46.98002, -1.316083;46.98002;-1.316083
48.001962, 2.729169;48.001962;2.729169
47.50866, 6.801618;47.50866;6.801618
45.575851, 2.809534;45.575851;2.809534
44.560981, 4.749382;44.560981;4.749382
45.283756, -0.408153;45.283756;-0.408153
48.134411, -1.950548;48.134411;-1.950548
45.85006, 5.057372;45.85006;5.057372
46.424909, 0.870092;46.424909;0.870092
43.628684, 3.868881;43.628684;3.868881
43.609061, 3.880069;43.609061;3.880069
43.720217, 2.323868;43.720217;2.323868
50.461411, 1.759867;50.461411;1.759867
47.343448, 1.182804;47.343448;1.182804
49.462477, 1.070892;49.462477;1.070892
43.620396, 6.969027;43.620396;6.969027
49.582217, 5.079352;49.582217;5.079352
43.750527, -0.749807;43.750527;-0.749807
47.755602, 7.334726;47.755602;7.334726
44.844783, 2.659612;44.844783;2.659612
47.195308, -1.538372;47.195308;-1.538372
43.163076, 2.984491;43.163076;2.984491
43.180232, 3.014167;43.180232;3.014167
44.13533, 0.339366;44.13533;0.339366
43.700772, 7.280789;43.700772;7.280789
43.833909, 4.357425;43.833909;4.357425
48.322377, 0.818153;48.322377;0.818153
48.838331, 2.489437;48.838331;2.489437
48.489946, 3.505014;48.489946;3.505014
47.004998, -2.240623;47.004998;-2.240623
48.840097, 2.547002;48.840097;2.547002
43.875599, 4.9035;43.875599;4.9035
49.579959, 3.008971;49.579959;3.008971
44.360368, 5.13899;44.360368;5.13899
48.462351, 7.479092;48.462351;7.479092
43.192296, -0.613402;43.192296;-0.613402
46.174778, 6.496059;46.174778;6.496059
48.125889, 7.163437;48.125889;7.163437
48.786098, 2.544935;48.786098;2.544935
42.4151068, 1.9811399999999821;42.4151068;1.9811399999999821
46.255796, 5.651795;46.255796;5.651795
48.762604, 2.664715;48.762604;2.664715
47.347212, -3.157897;47.347212;-3.157897
46.644644, -0.244668;46.644644;-0.244668
43.295774, -0.370121;43.295774;-0.370121
48.84694, 2.509968;48.84694;2.509968
43.692404, 5.499464;43.692404;5.499464
44.80514, -0.632009;44.80514;-0.632009
43.545174, -1.102823;43.545174;-1.102823
45.133956, 2.227009;45.133956;2.227009
48.777607, 2.254424;48.777607;2.254424
47.936453, -2.401708;47.936453;-2.401708
48.340552, -4.723462;48.340552;-4.723462
46.589505, 0.346095;46.589505;0.346095
48.902416, 6.055412;48.902416;6.055412
46.901894, 6.357637;46.901894;6.357637
45.432083, 6.020106;45.432083;6.020106
49.049188, 2.099047;49.049188;2.099047
43.787182, -0.923978;43.787182;-0.923978
47.114365, -2.127161;47.114365;-2.127161
42.515622, 3.105129;42.515622;3.105129
43.608168, -0.998487;43.608168;-0.998487
42.616153, 2.421654;42.616153;2.421654
43.697918, 3.864705;43.697918;3.864705
44.503225, 1.187579;44.503225;1.187579
50.323857, 1.548679;50.323857;1.548679
47.662952, -2.454678;47.662952;-2.454678
43.657393, 6.130635;43.657393;6.130635
47.794318, -1.057793;47.794318;-1.057793
47.914523, -1.380231;47.914523;-1.380231
43.913839, -0.91372;43.913839;-0.91372
42.765685, 2.868611;42.765685;2.868611
46.038163, 4.069538;46.038163;4.069538
47.517686, -2.300226;47.517686;-2.300226
45.148742, 0.014338;45.148742;0.014338
46.162612, -1.152316;46.162612;-1.152316
50.750026, 3.123334;50.750026;3.123334
48.459054, 7.210973;48.459054;7.210973
48.879844, 2.180852;48.879844;2.180852
47.839358, -0.342854;47.839358;-0.342854
44.152438, -0.737033;44.152438;-0.737033
43.561544, 6.236388;43.561544;6.236388
47.620428, 4.88235;47.620428;4.88235
50.59221, 2.959712;50.59221;2.959712
48.736261, 7.05462;48.736261;7.05462
43.236313, 1.574721;43.236313;1.574721
48.777656, 2.292628;48.777656;2.292628
43.404513, 3.695345;43.404513;3.695345
45.889595, 6.101037;45.889595;6.101037
43.028712, 2.979248;43.028712;2.979248
43.190268, 6.038903;43.190268;6.038903
43.782561, 4.087698;43.782561;4.087698
43.664191, -1.395;43.664191;-1.395
46.236572, 1.486137;46.236572;1.486137
47.269008, 1.371774;47.269008;1.371774
50.437378, 3.449925;50.437378;3.449925
46.722722, 2.503052;46.722722;2.503052
45.583013, 3.621912;45.583013;3.621912
44.150668, 1.754536;44.150668;1.754536
45.411405, 6.633802;45.411405;6.633802
48.508095, -2.760537;48.508095;-2.760537
45.290626, -0.610204;45.290626;-0.610204
46.387715, 5.86346;46.387715;5.86346
48.925395, 2.363117;48.925395;2.363117
45.441579, 4.383999;45.441579;4.383999
45.441646, 4.387294;45.441646;4.387294
47.275577, -1.779561;47.275577;-1.779561
47.815917, 3.799085;47.815917;3.799085
44.842499, 0.219805;44.842499;0.219805
43.234582, 3.107601;43.234582;3.107601
44.465282, 2.972204;44.465282;2.972204
44.217236, 3.808519;44.217236;3.808519
47.21395, -1.64939;47.21395;-1.64939
48.576008, -1.09371;48.576008;-1.09371
45.838161, 1.487619;45.838161;1.487619
47.124726, -0.994734;47.124726;-0.994734
45.323346, 6.538468;45.323346;6.538468
47.111089, 0.61914;47.111089;0.61914
48.699609, 6.207734;48.699609;6.207734
47.280291, -2.216623;47.280291;-2.216623
47.274768, -2.20402;47.274768;-2.20402
42.811446, 2.505248;42.811446;2.505248
43.885758, -0.521675;43.885758;-0.521675
50.381554, 2.33712;50.381554;2.33712
43.48939, 2.758039;43.48939;2.758039
45.694405, 4.936379;45.694405;4.936379
45.24015, 4.233176;45.24015;4.233176
43.240399, 0.079601;43.240399;0.079601
43.536908, -1.461264;43.536908;-1.461264
49.254024, 3.962365;49.254024;3.962365
49.357979, 6.167955;49.357979;6.167955
46.352812, 6.468439;46.352812;6.468439
48.840592, 2.654959;48.840592;2.654959
42.666461, 2.836131;42.666461;2.836131
43.642205, 1.45598;43.642205;1.45598
47.394391, 0.697155;47.394391;0.697155
47.366664, 0.706536;47.366664;0.706536
43.447455, 5.684694;43.447455;5.684694
43.654225, 1.491185;43.654225;1.491185
44.369873, 6.605179;44.369873;6.605179
43.619739, 7.039277;43.619739;7.039277
44.933197, 4.901186;44.933197;4.901186
47.162517, -1.264107;47.162517;-1.264107
44.402406, 4.132968;44.402406;4.132968
48.527795, 2.689584;48.527795;2.689584
43.851122, 1.234903;43.851122;1.234903
48.736789, 0.930047;48.736789;0.930047
49.091924, 1.487671;49.091924;1.487671
48.807883, 2.130901;48.807883;2.130901
48.893988, 2.134326;48.893988;2.134326
43.78629, -1.402582;43.78629;-1.402582
45.070607, 5.549868;45.070607;5.549868
48.727309, 4.586264;48.727309;4.586264
45.07319, 5.771446;45.07319;5.771446
45.296452, 5.636354;45.296452;5.636354
47.476235, -2.158292;47.476235;-2.158292
48.918237, 7.370931;48.918237;7.370931
49.036084, 7.946947;49.036084;7.946947
47.822671, 7.337178;47.822671;7.337178
48.714932, 2.489765;48.714932;2.489765
41.687469, 9.365073;41.687469;9.365073
48.930677, 2.320895;48.930677;2.320895
45.94045500000001, 4.77174500000001;45.94045500000001;4.77174500000001
43.450397, 4.427827;43.450397;4.427827
43.795535, 1.6077;43.795535;1.6077
45.817369, 4.183976;45.817369;4.183976
45.182643, 5.723905;45.182643;5.723905
50.273088, 3.97037;50.273088;3.97037
47.189868, -1.4869;47.189868;-1.4869
43.980769, 4.874683;43.980769;4.874683
43.42402, 6.769447;43.42402;6.769447
43.137099, 6.003711;43.137099;6.003711
43.690447, 1.403453;43.690447;1.403453
48.994228, 2.194982;48.994228;2.194982
47.416279, 0.702126;47.416279;0.702126
48.78103, 2.189542;48.781030;2.189542
44.456197, 1.450773;44.456197;1.450773
48.872265, 2.300938;48.872265;2.300938
48.870632, 2.334338;48.870632;2.334338
48.851619, 2.347076;48.851619;2.347076
48.842318, 2.328975;48.842318;2.328975
48.842443, 2.327625;48.842443;2.327625
48.858689, 2.353591;48.858689;2.353591
48.886142, 2.335342;48.886142;2.335342
48.851278, 2.330648;48.851278;2.330648
48.850764, 2.341747;48.850764;2.341747
48.848384, 2.348973;48.848384;2.348973
48.842733, 2.342044;48.842733;2.342044
48.832888, 2.354241;48.832888;2.354241
48.885067, 2.374123;48.885067;2.374123
48.960956, 2.067774;48.960956;2.067774
44.204567, 0.624721;44.204567;0.624721
43.566091, 4.189267;43.566091;4.189267
44.299994, 0.336667;44.299994;0.336667
43.526103, 5.448686;43.526103;5.448686
41.943558, 8.753935;41.943558;8.753935
43.923796, 2.144604;43.923796;2.144604
48.433552, 0.063775;48.433552;0.063775
48.807586, 2.422346;48.807586;2.422346
42.472951, 2.670403;42.472951;2.670403
49.89407, 2.292451;49.89407;2.292451
49.889445, 2.304933;49.889445;2.304933
48.857505, 1.439036;48.857505;1.439036
45.898226, 6.123792;45.898226;6.123792
45.917017, 6.134075;45.917017;6.134075
46.192243, 6.232615;46.192243;6.232615
46.042963, 6.631059;46.042963;6.631059
45.091845, 1.943901;45.091845;1.943901
46.983737, -0.446514;46.983737;-0.446514
48.590692, 2.250123;48.590692;2.250123
50.29185, 2.780997;50.29185;2.780997
48.9589, 1.855229;48.9589;1.855229
48.910534, 2.384966;48.910534;2.384966
46.623209, -1.427738;46.623209;-1.427738
47.488316, 2.43949;47.488316;2.43949
45.956961, 2.170097;45.956961;2.170097
48.022078, -4.5389;48.022078;-4.5389
45.71712, 3.633074;45.71712;3.633074
43.949433, 4.806281;43.949433;4.806281
47.845691, -1.687075;47.845691;-1.687075
44.169886, 0.285632;44.169886;0.285632
44.387012, 6.653653;44.387012;6.653653
47.542333, -0.107495;47.542333;-0.107495
47.283747, -2.391924;47.283747;-2.391924
49.437982, 2.099627;49.437982;2.099627
49.426913, 2.091861;49.426913;2.091861
44.813225, -0.563936;44.813225;-0.563936
48.369448, 7.595426;48.369448;7.595426
50.408345, 1.593105;50.408345;1.593105
49.090933, 0.602729;49.090933;0.602729
50.521692, 2.641202;50.521692;2.641202
47.590803, 1.335364;47.590803;1.335364
47.612706, 1.336917;47.612706;1.336917
48.90951, 2.436542;48.909510;2.436542
43.974273, 7.312365;43.974273;7.312365
45.295097, 4.558306;45.295097;4.558306
48.778884, 2.317531;48.778884;2.317531
47.28271, 0.171969;47.28271;0.171969
47.281285, 0.171088;47.281285;0.171088
48.0505921, -1.8653428000000076;48.0505921;-1.8653428000000076
48.396163, -4.477034;48.396163;-4.477034
46.629207, -1.852443;46.629207;-1.852443
49.044986, -0.326254;49.044986;-0.326254
48.744007, 7.692978;48.744007;7.692978
48.02898, -1.75349;48.028980;-1.753490
44.275689, 5.27174;44.275689;5.27174
46.610272, 0.367025;46.610272;0.367025
44.636357, -0.320145;44.636357;-0.320145
49.17442, -0.333727;49.17442;-0.333727
43.662147, 7.148711;43.662147;7.148711
43.661565, 7.1357;43.661565;7.1357
48.404288, -3.427185;48.404288;-3.427185
45.797955, 4.866922;45.797955;4.866922
50.174792, 3.236568;50.174792;3.236568
43.550716, 7.001343;43.550716;7.001343
43.54938, 6.981931;43.54938;6.981931
43.550134, 7.029043;43.550134;7.029043
43.546541, 7.036474;43.546541;7.036474
43.235546, 2.367714;43.235546;2.367714
48.283143, -3.572343;48.283143;-3.572343
43.4817151, -0.2803853000000345;43.4817151;-0.2803853000000345
43.680383, 1.534648;43.680383;1.534648
43.606683, 2.243043;43.606683;2.243043
42.88755, -0.114879;42.88755;-0.114879
48.847416, 2.136047;48.847416;2.136047
46.821515, -0.668137;46.821515;-0.668137
46.848712, -1.879118;46.848712;-1.879118
46.781288, 4.850256;46.781288;4.850256
46.775786, 4.864432;46.775786;4.864432
45.923063, 6.86902;45.923063;6.86902
45.454122, 6.692461;45.454122;6.692461
49.191375, 2.464237;49.191375;2.464237
48.040732, -1.692346;48.040732;-1.692346
45.823984, 0.44846;45.823984;0.44846
47.696864, 0.415325;47.696864;0.415325
48.071336, 1.331864;48.071336;1.331864
45.714496, 1.608216;45.714496;1.608216
43.383798, 5.16491;43.383798;5.16491
47.592055, 0.915712;47.592055;0.915712
46.810802, 0.542436;46.810802;0.542436
47.858822, 4.57312;47.858822;4.57312
48.110117, 5.13491;48.110117;5.13491
48.813094, 2.192579;48.813094;2.192579
47.212271, -0.72686;47.212271;-0.72686
49.638968, -1.621407;49.638968;-1.621407
46.148022, 0.295463;46.148022;0.295463
48.821274, 1.987156;48.821274;1.987156
48.763489, 5.589497;48.763489;5.589497
49.06477, -1.036857;49.06477;-1.036857
49.168276, 5.857616;49.168276;5.857616
50.453829, 2.940575;50.453829;2.940575
49.050552, -1.444356;49.050552;-1.444356
46.362399, -0.298072;46.362399;-0.298072
49.259398, 2.472183;49.259398;2.472183
43.774382, 5.440971;43.774382;5.440971
47.520393, -2.585183;47.520393;-2.585183
47.553711, 5.676507;47.553711;5.676507
43.714843, -1.055363;43.714843;-1.055363
50.668276, 1.837675;50.668276;1.837675
49.921565, 1.079726;49.921565;1.079726
46.480212, 3.977127;46.480212;3.977127
47.323594, 5.030088;47.323594;5.030088
48.635211, -2.055645;48.635211;-2.055645
48.546939, -1.753756;48.546939;-1.753756
42.958713, -0.332293;42.958713;-0.332293
43.859667, 0.100888;43.859667;0.100888
45.779053, 4.778383;45.779053;4.778383
45.404676, 2.044182;45.404676;2.044182
44.564376, 6.493852;44.564376;6.493852
48.970841, 2.307185;48.970841;2.307185
49.04567, 3.958674;49.04567;3.958674
48.957859, 2.301996;48.957859;2.301996
48.988575, 2.259906;48.988575;2.259906
48.63121, -2.463964;48.63121;-2.463964
48.434287, 2.157598;48.434287;2.157598
43.158478, 2.727734;43.158478;2.727734
46.253781, 6.118753;46.253781;6.118753
48.187045, 0.653774;48.187045;0.653774
46.656698, 6.0275;46.656698;6.0275
48.400175, 2.71613;48.400175;2.71613
48.791543, 2.289748;48.791543;2.289748
43.726491, 4.708604;43.726491;4.708604
49.099464, 2.524882;49.099464;2.524882
43.3974611, 6.718800399999964;43.3974611;6.718800399999964
43.287544, 5.6229;43.287544;5.6229
48.071742, 6.881569;48.071742;6.881569
45.1800066, 5.791162699999973;45.1800066;5.791162699999973
48.701701, 2.13387;48.701701;2.13387
49.482406, 1.723715;49.482406;1.723715
45.935346, 6.473902;45.935346;6.473902
43.608373, 5.064398;43.608373;5.064398
43.757246, 5.886021;43.757246;5.886021
43.757189, 5.886009;43.757189;5.886009
44.900658, 5.555056;44.900658;5.555056
46.600458, 4.067349;46.600458;4.067349
47.990181, -1.796621;47.990181;-1.796621
44.638602, -1.111896;44.638602;-1.111896
48.80003, 7.834416;48.80003;7.834416
49.492799, 0.120219;49.492799;0.120219
50.724833, 2.533715;50.724833;2.533715
50.409044, 2.9707;50.409044;2.9707
49.304867, -0.074371;49.304867;-0.074371
47.403746, -0.921463;47.403746;-0.921463
46.949327, 1.995229;46.949327;1.995229
43.514195, 4.987268;43.514195;4.987268
48.515193, 2.341767;48.515193;2.341767
46.414996, -1.574373;46.414996;-1.574373
47.5524248, -0.23296830000003865;47.5524248;-0.23296830000003865
49.229366, 6.019184;49.229366;6.019184
47.983463, 3.395496;47.983463;3.395496
45.445545, -0.433778;45.445545;-0.433778
49.011314, 2.043572;49.011314;2.043572
48.688996, 2.376314;48.688996;2.376314
43.539479, 1.511109;43.539479;1.511109
44.213874, -0.919094;44.213874;-0.919094
48.879604, 2.706124;48.879604;2.706124
43.653486, 5.262357;43.653486;5.262357
47.60131, 2.026127;47.60131;2.026127
48.510619, -4.069393;48.510619;-4.069393
44.726847, 3.856667;44.726847;3.856667
47.861736, 5.332835;47.861736;5.332835
45.128093, 5.589034;45.128093;5.589034
45.302343, 6.947815;45.302343;6.947815
50.679317, 3.243787;50.679317;3.243787
45.307833, -0.938774;45.307833;-0.938774
50.633401, 3.06284;50.633401;3.06284
48.744182, 2.503331;48.744182;2.503331
46.673494, 5.556147;46.673494;5.556147
47.236043, -1.348969;47.236043;-1.348969
46.460681, -1.176832;46.460681;-1.176832
42.87365, -0.003171;42.87365;-0.003171
46.790178, 3.969574;46.790178;3.969574
45.769811, 4.855776;45.769811;4.855776
45.763283, 4.843832;45.763283;4.843832
45.787335, 4.812112;45.787335;4.812112
47.252947, 6.800494;47.252947;6.800494
47.808963, -2.386134;47.808963;-2.386134
48.347714, 0.363927;48.347714;0.363927
47.968733, 0.203923;47.968733;0.203923
48.989664, 1.715981;48.989664;1.715981
42.235245, 8.804724;42.235245;8.804724
43.297447, 5.379767;43.297447;5.379767
43.312724, 5.384422;43.312724;5.384422
44.551614, 3.291609;44.551614;3.291609
43.42733, 0.576514;43.42733;0.576514
45.868856, -0.320748;45.868856;-0.320748
45.216795, 2.333982;45.216795;2.333982
45.861574, 6.626043;45.861574;6.626043
48.564849, 2.441479;48.564849;2.441479
43.775396, 7.50197;43.775396;7.50197
46.773516, 6.350469;46.773516;6.350469
45.90391, 5.192869;45.90391;5.192869
48.202673, -1.730539;48.202673;-1.730539
46.36675, 5.996859;46.36675;5.996859
46.457868, 5.758014;46.457868;5.758014
44.650724, 0.079158;44.650724;0.079158
48.200293, -2.049655;48.200293;-2.049655
47.6229, 4.338005;47.6229;4.338005
47.286138, 0.703952;47.286138;0.703952
49.647736, 2.570756;49.647736;2.570756
48.703763, 2.46109;48.703763;2.46109
45.063871, 1.163498;45.063871;1.163498
48.77004, 2.03446;48.77004;2.03446
48.997001, 2.200873;48.997001;2.200873
49.534592, 0.181289;49.534592;0.181289
43.61435, 3.828731;43.61435;3.828731
44.495224, 4.20018;44.495224;4.20018
48.136733, -0.555009;48.136733;-0.555009
44.033295, -0.911916;44.033295;-0.911916
45.676633, 5.469622;45.676633;5.469622
49.780148, 2.47974;49.780148;2.47974
46.523212, 6.020616;46.523212;6.020616
48.575673, -3.827938;48.575673;-3.827938
46.190882, 6.776907;46.190882;6.776907
45.483587, 6.527476;45.483587;6.527476
48.03997, 7.14025;48.03997;7.14025
48.101851, 7.468382;48.101851;7.468382
48.689694, 6.178976;48.689694;6.178976
48.892601, 2.195729;48.892601;2.195729
47.21118, -1.586751;47.21118;-1.586751
47.216901, -1.551545;47.216901;-1.551545
46.153678, 5.603874;46.153678;5.603874
48.265654, 2.695374;48.265654;2.695374
47.940501, 2.182716;47.940501;2.182716
46.68787, 0.246293;46.68787;0.246293
46.989632, 3.150328;46.989632;3.150328
43.696032, 7.258586;43.696032;7.258586
43.699902, 7.26609;43.699902;7.26609
43.692782, 7.245773;43.692782;7.245773
43.671643, 7.203332;43.671643;7.203332
43.709724, 7.261413;43.709724;7.261413
43.814338, 4.367462;43.814338;4.367462
43.856426, 4.403645;43.856426;4.403645
46.326112, -0.468239;46.326112;-0.468239
48.84468, 2.624254;48.84468;2.624254
44.807704, 4.628561;44.807704;4.628561
44.708057, 6.341919;44.708057;6.341919
46.258908, 5.655149;46.258908;5.655149
48.71031, 2.243459;48.71031;2.243459
45.792194, 4.341577;45.792194;4.341577
48.89218, 2.408907;48.89218;2.408907
44.349894, -1.064305;44.349894;-1.064305
45.201428, -0.746674;45.201428;-0.746674
42.701362, 2.894282;42.701362;2.894282
43.56314, 1.291519;43.56314;1.291519
48.28043, -2.706503;48.28043;-2.706503
46.580197, 0.338977;46.580197;0.338977
46.836349, 5.702889;46.836349;5.702889
45.640438, 4.467393;45.640438;4.467393
47.306004, 5.410506;47.306004;5.410506
47.863407, -4.229693;47.863407;-4.229693
44.874731, 4.88233;44.874731;4.88233
45.381523, 6.722351;45.381523;6.722351
42.403764, 2.481748;42.403764;2.481748
42.875502, 2.184954;42.875502;2.184954
48.401006, -2.912056;48.401006;-2.912056
48.406279, 6.8448;48.406279;6.8448
45.186514, 4.029204;45.186514;4.029204
43.457554, 2.006074;43.457554;2.006074
47.183872, -1.543971;47.183872;-1.543971
45.244774, 0.339095;45.244774;0.339095
47.014742, 0.322461;47.014742;0.322461
45.81862, 4.904221;45.81862;4.904221
48.651395, 2.414242;48.651395;2.414242
45.528846, 4.614829;45.528846;4.614829
45.740934, 0.383249;45.740934;0.383249
46.147254, -1.153689;46.147254;-1.153689
48.883869, 2.44086;48.883869;2.44086
43.510867, 1.379784;43.510867;1.379784
44.482369, 4.255896;44.482369;4.255896
48.873327, 2.482728;48.873327;2.482728
46.484074, 6.058293;46.484074;6.058293
46.027187, 0.203603;46.027187;0.203603
47.840861, -0.334058;47.840861;-0.334058
43.471607, -0.927756;43.471607;-0.927756
44.550748, -0.869882;44.550748;-0.869882
46.0819758, 6.727133399999957;46.0819758;6.727133399999957
48.937213, 7.087489;48.937213;7.087489
48.937892, 2.159419;48.937892;2.159419
48.739119, 7.36694;48.739119;7.36694
47.68565, -0.868807;47.68565;-0.868807
48.257586, 7.452058;48.257586;7.452058
49.208302, 2.585995;49.208302;2.585995
48.561662, 1.032664;48.561662;1.032664
48.176509, 3.284553;48.176509;3.284553
48.82472689999999, 2.21509930000002;48.82472689999999;2.21509930000002
44.194031, 5.94255;44.194031;5.94255
44.897861, 1.477417;44.897861;1.477417
43.753649, -1.327299;43.753649;-1.327299
48.582601, 7.745895;48.582601;7.745895
48.572723, 7.764957;48.572723;7.764957
47.765104, 2.374435;47.765104;2.374435
45.145584, 0.526425;45.145584;0.526425
47.3292625, -0.6707131000000572;47.3292625;-0.6707131000000572
48.799763, 2.067533;48.799763;2.067533
47.419122, 0.653805;47.419122;0.653805
48.284368, 6.952934;48.284368;6.952934
45.122686, 4.98172;45.122686;4.98172
45.472045, 4.505391;45.472045;4.505391
44.225131, 6.93274;44.225131;6.93274
45.73594, 4.79997;45.73594;4.79997
43.108339, 0.718892;43.108339;0.718892
45.696745, 4.795075;45.696745;4.795075
48.896605, 2.090977;48.896605;2.090977
43.388314, -1.659851;43.388314;-1.659851
46.793577, -2.061566;46.793577;-2.061566
45.832006, 6.161597;45.832006;6.161597
49.133075, 6.200124;49.133075;6.200124
45.319731, 4.616216;45.319731;4.616216
45.887637, 0.903224;45.887637;0.903224
49.505347, 2.430243;49.505347;2.430243
42.815993, 0.320259;42.815993;0.320259
48.634794, -2.105848;48.634794;-2.105848
48.651576, -2.00345;48.651576;-2.00345
45.660214, 4.558851;45.660214;4.558851
44.073396, 7.263839;44.073396;7.263839
45.21706, 6.474053;45.21706;6.474053
48.637713, 2.320768;48.637713;2.320768
44.203862, 1.018776;44.203862;1.018776
47.331071, -2.426378;47.331071;-2.426378
47.037392, -1.641091;47.037392;-1.641091
49.016764, -0.043436;49.016764;-0.043436
49.84044, 3.292065;49.84044;3.292065
45.87583, -0.681096;45.87583;-0.681096
43.758985, -0.574071;43.758985;-0.574071
43.786667, 5.762877;43.786667;5.762877
45.474022, 4.380177;45.474022;4.380177
45.482487, 4.429981;45.482487;4.429981
43.806585, 4.660803;43.806585;4.660803
50.527126, 3.168609;50.527126;3.168609
45.114054, 4.290647;45.114054;4.290647
47.881078, 6.765526;47.881078;6.765526
45.413265, 0.918749;45.413265;0.918749
45.99595, 6.239124;45.99595;6.239124
46.977963, -0.211033;46.977963;-0.211033
48.985746, -0.478263;48.985746;-0.478263
45.966024, -0.705655;45.966024;-0.705655
43.604016, 1.446784;43.604016;1.446784
45.796268, -1.166123;45.796268;-1.166123
48.991044, 2.524032;48.991044;2.524032
45.272941, 1.776816;45.272941;1.776816
44.014623, 4.419527;44.014623;4.419527
44.244391, 5.067667;44.244391;5.067667
45.44673400000001, 6.975815000000011;45.44673400000001;6.975815000000011
50.339838, 3.514954;50.339838;3.514954
45.164163, 6.429287;45.164163;6.429287
49.508042, -1.47082;49.508042;-1.47082
44.569752, 6.68318;44.569752;6.68318
49.030119, 2.021182;49.030119;2.021182
48.979213, 1.97461;48.979213;1.97461
44.996549, 4.552256;44.996549;4.552256
48.803954, 2.133847;48.803954;2.133847
49.833134, 3.902529;49.833134;3.902529
44.532911, 5.816268;44.532911;5.816268
45.238286, 5.888231;45.238286;5.888231
45.989404, 4.716509;45.989404;4.716509
48.681815, 2.379391;48.681815;2.379391
46.716996, 0.536753;46.716996;0.536753
50.68623, 3.14461;50.68623;3.14461
45.143821, 4.124759;45.143821;4.124759
44.6771389, 5.926679000000036;44.6771389;5.926679000000036
45.736994, 4.657674;45.736994;4.657674
45.398217, 6.56643;45.398217;6.56643
45.961254, 5.356402;45.961254;5.356402
47.634045, 6.139787;47.634045;6.139787
47.22562, 2.057905;47.22562;2.057905
45.693031, 5.895383;45.693031;5.895383
46.209005, 5.230481;46.209005;5.230481
43.923796, 2.144604;43.923796;2.144604
43.961546, 1.342434;43.961546;1.342434
43.2936968, 5.383868200000052;43.2936968;5.383868200000052
48.724173, 2.262676;48.724173;2.262676
48.065518, -1.626459;48.065518;-1.626459
46.242665, 6.021223;46.242665;6.021223
48.83393, 2.31652;48.83393;2.31652
48.852188, 2.342788;48.852188;2.342788
48.853361, 2.34211;48.853361;2.34211
48.843752, 2.324925;48.843752;2.324925
48.854455, 2.340132;48.854455;2.340132
48.875715, 2.294655;48.875715;2.294655
48.884303, 2.326888;48.884303;2.326888
48.883938, 2.328034;48.883938;2.328034
48.854674, 2.369381;48.854674;2.369381
48.841914, 2.324596;48.841914;2.324596
48.828166, 2.327463;48.828166;2.327463
48.847537, 2.352122;48.847537;2.352122
48.883487, 2.349853;48.883487;2.349853
48.848895, 2.282585;48.848895;2.282585
50.108677, 1.834667;50.108677;1.834667
49.048659, -1.595352;49.048659;-1.595352
48.762976, 0.62734;48.762976;0.62734
46.332847, -1.303138;46.332847;-1.303138
43.525387, 5.446893;43.525387;5.446893
47.983405, 0.148339;47.983405;0.148339
50.33114, 3.252155;50.33114;3.252155
46.191752, 6.231982;46.191752;6.231982
45.242757, 4.670325;45.242757;4.670325
43.57983, 7.122516;43.57983;7.122516
48.753029, 2.304782;48.753029;2.304782
48.801352, 2.330702;48.801352;2.330702
48.946909, 2.249331;48.946909;2.249331
48.943679, 2.24855;48.943679;2.24855
47.558659, 2.446881;47.558659;2.446881
43.674097, 4.627703;43.674097;4.627703
43.678479, 4.624726;43.678479;4.624726
44.174083, 2.607518;44.174083;2.607518
47.546509, -2.910816;47.546509;-2.910816
49.470467, 5.957243;49.470467;5.957243
49.770863, 1.753271;49.770863;1.753271
47.193943, 5.404892;47.193943;5.404892
47.490254, 3.909327;47.490254;3.909327
43.947217, 4.806805;43.947217;4.806805
50.408702, 2.824662;50.408702;2.824662
42.72135, 1.838852;42.72135;1.838852
42.788987, 0.591188;42.788987;0.591188
48.804045, 2.321692;48.804045;2.321692
48.869237, 2.417029;48.869237;2.417029
48.557714, -0.418487;48.557714;-0.418487
48.528643, 2.388787;48.528643;2.388787
44.277667, 2.43172;44.277667;2.43172
42.8964384, 0.06247450000000754;42.8964384;0.06247450000000754
43.558187, 6.006581;43.558187;6.006581
48.775088, 5.160512;48.775088;5.160512
49.380918, -1.77881;49.380918;-1.77881
42.697652, 9.448441;42.697652;9.448441
44.432356, -0.21416;44.432356;-0.21416
45.717264, 6.575641;45.717264;6.575641
47.440442, -0.217892;47.440442;-0.217892
44.368236, 4.268552;44.368236;4.268552
49.141412, 2.283076;49.141412;2.283076
45.759249, 5.690752;45.759249;5.690752
44.853174, 0.486443;44.853174;0.486443
43.476136, 5.167368;43.476136;5.167368
45.512152, 2.93212;45.512152;2.93212
48.855732, 1.875104;48.855732;1.875104
43.342559, 3.212618;43.342559;3.212618
43.481231, -1.559098;43.481231;-1.559098
44.39654, -1.166475;44.39654;-1.166475
48.766357, 7.85143;48.766357;7.85143
43.643857, 1.370839;43.643857;1.370839
48.564457, 6.411473;48.564457;6.411473
45.46093, 0.034513;45.46093;0.034513
47.9228694, 6.6550746000000345;47.9228694;6.6550746000000345
49.318522, 0.044034;49.318522;0.044034
44.841914, -0.577194;44.841914;-0.577194
44.841593, -0.562257;44.841593;-0.562257
44.838942, -0.572524;44.838942;-0.572524
46.585435, 3.054345;46.585435;3.054345
45.075098, 6.013937;45.075098;6.013937
51.070372, 2.519444;51.070372;2.519444
48.39126, -4.488243;48.39126;-4.488243
44.889994, 6.634449;44.889994;6.634449
43.407348, 6.063887;43.407348;6.063887
50.49234, 2.569387;50.49234;2.569387
42.680362, 2.934603;42.680362;2.934603
49.177395, -0.349774;49.177395;-0.349774
50.9517558, 1.8543260999999802;50.9517558;1.8543260999999802
43.35874, -1.397218;43.35874;-1.397218
43.552366, 7.016598;43.552366;7.016598
43.286407, 1.200892;43.286407;1.200892
43.216587, 2.352707;43.216587;2.352707
49.302896, -1.247604;49.302896;-1.247604
47.572383, -3.075775;47.572383;-3.075775
44.109395, 5.112026;44.109395;5.112026
44.050347, 5.047636;44.050347;5.047636
43.693325, 1.429742;43.693325;1.429742
44.313986, 0.084494;44.313986;0.084494
43.320632, 1.951331;43.320632;1.951331
43.001442, 1.33357;43.001442;1.33357
44.037315, 1.109842;44.037315;1.109842
43.882158, -1.145369;43.882158;-1.145369
44.162933, 1.538724;44.162933;1.538724
48.940758, 4.397745;48.940758;4.397745
48.956167, 4.363554;48.956167;4.363554
46.779485, 4.849123;46.779485;4.849123
45.563024, 5.924935;45.563024;5.924935
45.592248, 5.919227;45.592248;5.919227
46.748543, 5.906232;46.748543;5.906232
47.270881, -1.337067;47.270881;-1.337067
47.176632, 3.0219310999999607;47.176632;3.0219310999999607
49.773265, 4.716286;49.773265;4.716286
48.442342, 1.489294;48.442342;1.489294
46.501324, -1.733545;46.501324;-1.733545
48.045827, -1.499092;48.045827;-1.499092
47.826896, -0.705609;47.826896;-0.705609
47.931476, 2.928439;47.931476;2.928439
44.855415, 3.005081;44.855415;3.005081
46.206256, 4.339632;46.206256;4.339632
44.76726, 6.010559;44.76726;6.010559
46.568169, 0.647781;46.568169;0.647781
48.770432, 2.350955;48.770432;2.350955
48.766383, 2.414699;48.766383;2.414699
46.290173, 4.304916;46.290173;4.304916
45.77645, 3.08216;45.77645;3.08216
45.774394, 3.08166;45.774394;3.08166
45.807582, 3.109175;45.807582;3.109175
46.4211271, 4.821967699999959;46.4211271;4.821967699999959
48.90196, 2.309342;48.90196;2.309342
46.063557, 6.58368;46.063557;6.58368
43.803799, 7.330148;43.803799;7.330148
48.187388, 5.923709;48.187388;5.923709
43.527138, 6.149835;43.527138;6.149835
48.899883, 2.259136;48.899883;2.259136
48.926821, 2.391627;48.926821;2.391627
46.100564, 4.328791;46.100564;4.328791
45.701627, 2.260588;45.701627;2.260588
45.810538, 4.754801;45.810538;4.754801
44.557817, 2.274123;44.557817;2.274123
46.974658, 0.698463;46.974658;0.698463
49.923374, 1.081518;49.923374;1.081518
44.089715, 6.239647;44.089715;6.239647
48.461416, -2.047138;48.461416;-2.047138
46.350634, 6.137102;46.350634;6.137102
47.095429, 5.494926;47.095429;5.494926
44.379202, 4.696224000000029;44.379202;4.696224000000029
46.215275, 1.080037;46.215275;1.080037
48.091511, -4.330601;48.091511;-4.330601
50.300211, 3.390251;50.300211;3.390251
46.302008, 6.310919;46.302008;6.310919
43.532372, 6.472812;43.532372;6.472812
45.217931, 4.34228;45.217931;4.34228
51.033536, 2.372294;51.033536;2.372294
46.171552, 2.484461;46.171552;2.484461
46.400244, 6.59546;46.400244;6.59546
49.028048, 1.145355;49.028048;1.145355
48.155173, -0.401505;48.155173;-0.401505
43.695168, 5.030541;43.695168;5.030541
49.65116, 0.591603;49.65116;0.591603
47.718454, 1.941702;47.718454;1.941702
44.608696, 2.025755;44.608696;2.025755
43.850759, 0.663578;43.850759;0.663578
45.247083, 6.304557;45.247083;6.304557
49.187501, 6.899493;49.187501;6.899493
49.615296, 1.54519;49.615296;1.54519
50.339949, 1.569107;50.339949;1.569107
43.453954, 4.943629;43.453954;4.943629
48.348029, -1.19278;48.348029;-1.19278
45.990004, -1.097971;45.990004;-1.097971
45.191425, 6.648346;45.191425;6.648346
48.988437, 2.232576;48.988437;2.232576
43.839626, 1.390132;43.839626;1.390132
49.15552, 1.344766;49.15552;1.344766
43.721609, 7.149739;43.721609;7.149739
49.279682, 1.774186;49.279682;1.774186
45.969321, 6.446761;45.969321;6.446761
48.837706, -1.594566;48.837706;-1.594566
43.760736, 1.999613;43.760736;1.999613
49.747151, 3.074474;49.747151;3.074474
50.257558, 3.913904;50.257558;3.913904
49.501072, 0.145711;49.501072;0.145711
48.779749, 2.339014;48.779749;2.339014
43.242508, -0.005686;43.242508;-0.005686
47.827604, -3.253047;47.827604;-3.253047
43.916183, 5.048509;43.916183;5.048509
45.557131, 5.910739;45.557131;5.910739
49.157279, 5.882037;49.157279;5.882037
45.72693270000001, 3.834929299999999;45.72693270000001;3.834929299999999
50.296328, 4.097609;50.296328;4.097609
43.474778, 2.646568;43.474778;2.646568
47.842504, 4.365197;47.842504;4.365197
43.310067, 0.33742;43.310067;0.33742
47.775894, -3.35298;47.775894;-3.35298
42.988146, -0.425403;42.988146;-0.425403
43.584563, 3.935363;43.584563;3.935363
43.934628, 0.620319;43.934628;0.620319
48.572208, -4.327487;48.572208;-4.327487
42.841052, 3.039151;42.841052;3.039151
44.913546, -0.237461;44.913546;-0.237461
48.213038, -1.504786;48.213038;-1.504786
50.633831, 3.063221;50.633831;3.063221
49.301809, -0.316265;49.301809;-0.316265
47.129518, 0.993278;47.129518;0.993278
47.88976, -2.835941;47.88976;-2.835941
48.679684, 2.313256;48.679684;2.313256
46.674335, 5.555107;46.674335;5.555107
47.751879, -3.366695;47.751879;-3.366695
43.095917, -0.055559;43.095917;-0.055559
47.643316, 0.156442;47.643316;0.156442
48.617851, 6.173437;48.617851;6.173437
45.758734, 4.834873;45.758734;4.834873
45.747368, 4.835557;45.747368;4.835557
45.765819, 4.865911;45.765819;4.865911
46.316471, 4.838508;46.316471;4.838508
43.535959, 6.929182;43.535959;6.929182
46.276444, 4.040561;46.276444;4.040561
44.497638, 0.168923;44.497638;0.168923
49.479355, 1.042864;49.479355;1.042864
43.249625, 5.389984;43.249625;5.389984
43.294553, 5.498707;43.294553;5.498707
45.611664, 0.44206;45.611664;0.44206
43.410526, 5.052683;43.410526;5.052683
43.250817, 1.677678;43.250817;1.677678
46.245266, 5.347704;46.245266;5.347704
48.19242, -2.416156;48.19242;-2.416156
44.842142, -0.647041;44.842142;-0.647041
45.564042, -0.95352;45.564042;-0.95352
48.81334, 2.235774;48.81334;2.235774
48.7873, 2.23254;48.7873;2.23254
44.20143, -1.228686;44.20143;-1.228686
48.299898, 6.132591;48.299898;6.132591
45.871817, 4.913437;45.871817;4.913437
48.956929, 2.603083;48.956929;2.603083
48.628281, 2.589982;48.628281;2.589982
43.966813, 1.584453;43.966813;1.584453
46.724207, -0.587156;46.724207;-0.587156
49.166065, -0.30018;49.166065;-0.30018
43.320215, -0.579262;43.320215;-0.579262
47.499906, 0.752013;47.499906;0.752013
43.889338, -0.504397;43.889338;-0.504397
44.561459, 4.748988;44.561459;4.748988
44.932175, 6.724754;44.932175;6.724754
45.217551, -0.186333;45.217551;-0.186333
49.519626, 5.363556;49.519626;5.363556
45.500407, 6.048642;45.500407;6.048642
45.396196, 0.130119;45.396196;0.130119
48.988818, 2.318091;48.988818;2.318091
44.794674, 4.937598;44.794674;4.937598
43.603985, 3.91557;43.603985;3.91557
43.624323, 3.817591;43.624323;3.817591
45.62746, 6.848058;45.62746;6.848058
48.589341, -3.817369;48.589341;-3.817369
47.056013, 6.605836;47.056013;6.605836
47.05651, 6.604743;47.05651;6.604743
47.760377, 7.351564;47.760377;7.351564
45.110108, 2.86664;45.110108;2.86664
48.993874, 1.910246;48.993874;1.910246
43.465865, 1.326927;43.465865;1.326927
48.536154, 7.453136;48.536154;7.453136
47.555803, -2.484734;47.555803;-2.484734
48.687007, 6.172177;48.687007;6.172177
48.555127, 3.0133;48.555127;3.0133
49.148993, 0.902155;49.148993;0.902155
50.632496, 1.578876;50.632496;1.578876
48.885364, 2.268222;48.885364;2.268222
45.38274, 2.272379;45.38274;2.272379
45.87473, 4.841744;45.87473;4.841744
43.702059, 7.266941;43.702059;7.266941
46.337524, -0.481854;46.337524;-0.481854
47.448213, 0.694335;47.448213;0.694335
44.137785, 4.809487;44.137785;4.809487
47.901533, 1.900955;47.901533;1.900955
47.89856839999999, 1.9088173000000097;47.89856839999999;1.9088173000000097
48.698781, 2.189727;48.698781;2.189727
43.116608, 1.612993;43.116608;1.612993
43.301543, -0.372504;43.301543;-0.372504
43.302981, -0.369831;43.302981;-0.369831
45.371031, 4.797096;45.371031;4.797096
45.813639, 1.772698;45.813639;1.772698
48.768553, 7.258661;48.768553;7.258661
44.952219, -0.629792;44.952219;-0.629792
45.703741, 4.823295;45.703741;4.823295
48.80535, 2.578145;48.80535;2.578145
48.373269, -4.370987;48.373269;-4.370987
49.776307, 1.980512;49.776307;1.980512
45.53638, 5.670755;45.53638;5.670755
48.068322, -2.948573;48.068322;-2.948573
47.12792959999999, -2.215288200000032;47.12792959999999;-2.215288200000032
41.671492, 8.91212;41.671492;8.91212
48.559158, 3.304398;48.559158;3.304398
42.003231, 9.362695;42.003231;9.362695
43.288803, 6.130491;43.288803;6.130491
48.876233, 2.242749;48.876233;2.242749
48.885137, 2.239127;48.885137;2.239127
45.040387, 3.886089;45.040387;3.886089
48.931499, 7.660695;48.931499;7.660695
46.153096, 6.238556;46.153096;6.238556
48.012165, 6.601788;48.012165;6.601788
48.11601, -1.67887;48.11601;-1.67887
44.582404, -0.036426;44.582404;-0.036426
47.750793, 7.411718;47.750793;7.411718
48.724745, -3.984009;48.724745;-3.984009
43.839788, 6.151962;43.839788;6.151962
45.62416, -1.025656;45.62416;-1.025656
49.69929, 2.790104;49.69929;2.790104
44.453436, 4.339659;44.453436;4.339659
46.501653, -1.786349;46.501653;-1.786349
47.839188, -0.3382865999999467;47.839188;-0.3382865999999467
45.944805, 6.630005;45.944805;6.630005
44.915761, 6.542422;44.915761;6.542422
43.637886, 5.099752;43.637886;5.099752
47.94652, 1.895679;47.94652;1.895679
48.607433, 0.170941;48.607433;0.170941
47.274507, 1.55439;47.274507;1.55439
43.19314, 6.005894;43.19314;6.005894
45.51424, -1.123506;45.51424;-1.123506
48.935358, 7.883424;48.935358;7.883424
48.583754, 7.742752;48.583754;7.742752
48.772452, 2.512597;48.772452;2.512597
46.108206, -0.750249;46.108206;-0.750249
43.955721, 2.884014;43.955721;2.884014
49.329525, -0.385911;49.329525;-0.385911
44.682199, 6.075234;44.682199;6.075234
47.246308, -2.135768;47.246308;-2.135768
47.920147, 0.743555;47.920147;0.743555
43.19174, 5.713725;43.19174;5.713725
48.640036, 4.95025;48.640036;4.95025
47.363746, -1.0164589999999407;47.363746;-1.0164589999999407
45.03382, 3.095174;45.03382;3.095174
48.647712, 2.326708;48.647712;2.326708
43.682793, 1.486048;43.682793;1.486048
45.485115, -0.566824;45.485115;-0.566824
45.599999, 5.633175;45.599999;5.633175
48.506874, -1.241635;48.506874;-1.241635
49.597177, 3.378189;49.597177;3.378189
49.7511844, 0.40355909999993855;49.7511844;0.40355909999993855
47.224381, -1.625621;47.224381;-1.625621
46.556503, -1.061779;46.556503;-1.061779
46.905158, 3.842831;46.905158;3.842831
45.94953, -0.518149;45.94953;-0.518149
45.277364, 6.348249;45.277364;6.348249
43.16402, -1.237591;43.16402;-1.237591
44.079661, -1.257781;44.079661;-1.257781
46.144524, 6.080637;46.144524;6.080637
42.38271, 2.614735;42.38271;2.614735
43.08008, 0.480895;43.08008;0.480895
48.602575, -2.005943;48.602575;-2.005943
48.657589, -1.970525;48.657589;-1.970525
47.339858, -2.175644;47.339858;-2.175644
47.434568, -0.703599;47.434568;-0.703599
44.893791, -0.715027;44.893791;-0.715027
50.750679, 2.250328;50.750679;2.250328
49.044334, 2.106823;49.044334;2.106823
43.528827, 3.517645;43.528827;3.517645
44.353475, 4.739599;44.353475;4.739599
47.389603, 0.719808;47.389603;0.719808
46.307498, 3.289943;46.307498;3.289943
43.788778, 4.829098;43.788778;4.829098
43.269837, 6.635574;43.269837;6.635574
49.863, 0.706604;49.863;0.706604
45.176008, 4.816127;45.176008;4.816127
45.51138, 1.20357;45.51138;1.20357
46.465494, -1.62086;46.465494;-1.62086
45.898249, 4.4318;45.898249;4.4318
42.846422, 1.603935;42.846422;1.603935
49.026312, 2.224754;49.026312;2.224754
50.526289, 3.170036;50.526289;3.170036
49.657142, 3.298248;49.657142;3.298248
45.131093, 1.301938;45.131093;1.301938
44.637099, -1.153746;44.637099;-1.153746
47.805797, 7.101395;47.805797;7.101395
46.030249, 4.313447;46.030249;4.313447
49.482001, 2.884056;49.482001;2.884056
50.471998, 3.073172;50.471998;3.073172
48.676183, 5.893159;48.676183;5.893159
43.60903, 1.443975;43.60903;1.443975
50.699907, 3.155883;50.699907;3.155883
43.216817, 0.882662;43.216817;0.882662
47.365422, 0.680755;47.365422;0.680755
48.493105, -2.761907;48.493105;-2.761907
50.061473, 1.367587;50.061473;1.367587
48.291806, 4.080707;48.291806;4.080707
47.348261, -2.512088;47.348261;-2.512088
45.754303, 6.417593;45.754303;6.417593
47.876905, 7.309221;47.876905;7.309221
43.36278, -1.696856;43.36278;-1.696856
48.874168, 2.632366;48.874168;2.632366
49.271387, 1.212255;49.271387;1.212255
44.107657, 0.889685;44.107657;0.889685
44.93274, 4.89523;44.93274;4.89523
47.654885, -2.756096;47.654885;-2.756096
45.111573, 5.875976;45.111573;5.875976
47.802972, 1.06936;47.802972;1.06936
44.995012, 6.117879;44.995012;6.117879
47.167104, -1.467908;47.167104;-1.467908
45.520383, 4.86896;45.520383;4.86896
46.216827, 6.440326;46.216827;6.440326
45.999263, 5.031235;45.999263;5.031235
50.608989, 3.134086;50.608989;3.134086
48.935662, 2.333275;48.935662;2.333275
49.469111, 5.928509;49.469111;5.928509
48.845095, 2.434268;48.845095;2.434268
48.123858, -1.200713;48.123858;-1.200713
45.364057, 5.593001;45.364057;5.593001
49.150597, 6.146816;49.150597;6.146816
47.222987, -1.628379;47.222987;-1.628379
45.683172, 4.766021;45.683172;4.766021
44.89487, 4.642625;44.89487;4.642625
45.714055, -1.142718;45.714055;-1.142718
41.592115, 9.276211;41.592115;9.276211
47.489082, 6.838484;47.489082;6.838484
43.485068, -1.471948;43.485068;-1.471948
43.973656, 1.38232;43.973656;1.38232
48.081767, 7.355074;48.081767;7.355074
45.738623, 4.82112;45.738623;4.82112
45.566568, 5.91835;45.566568;5.91835
43.319282, -0.433455;43.319282;-0.433455
45.370156, 4.199354;45.370156;4.199354
43.36065, 5.330055;43.36065;5.330055
43.836195, 5.779884;43.836195;5.779884
43.578553, 1.262865;43.578553;1.262865
44.97498, 5.575891;44.97498;5.575891
48.873073, 2.298394;48.873073;2.298394
48.869654, 2.306873;48.869654;2.306873
48.86872, 2.347608;48.86872;2.347608
48.878512, 2.282965;48.878512;2.282965
48.84824, 2.340797;48.84824;2.340797
48.844244, 2.330407;48.844244;2.330407
48.872794, 2.296984;48.872794;2.296984
48.87561, 2.32791;48.87561;2.32791
48.885073, 2.371493;48.885073;2.371493
48.848213, 2.39311;48.848213;2.39311
48.833595, 2.38604;48.833595;2.38604
48.830408, 2.276322;48.830408;2.276322
48.853093, 2.344228;48.853093;2.344228
48.849504, 2.342788;48.849504;2.342788
48.849591, 2.342836;48.849591;2.342836
48.833574, 2.353775;48.833574;2.353775
48.876113, 2.295345;48.876113;2.295345
48.897016, 2.385181;48.897016;2.385181
50.115049, 1.824393;50.115049;1.824393
48.724181, 2.420302;48.724181;2.420302
46.431926, 1.830697;46.431926;1.830697
50.639733, 2.390569;50.639733;2.390569
45.68994, 5.909791;45.68994;5.909791
46.744249, -1.6164029999999912;46.744249;-1.6164029999999912
41.915976, 8.731036;41.915976;8.731036
41.915976, 8.731036;41.915976;8.731036
50.004652, 2.648257;50.004652;2.648257
45.217522, 6.343043;45.217522;6.343043
45.404713, 6.578019;45.404713;6.578019
45.547184, 3.745498;45.547184;3.745498
49.244796, 6.132187;49.244796;6.132187
49.246748, 1.416469;49.246748;1.416469
47.472132, -0.553522;47.472132;-0.553522
47.478647, -0.549339;47.478647;-0.549339
47.068237, 4.09482;47.068237;4.09482
43.875034, 5.396362;43.875034;5.396362
48.810228, 2.328168;48.810228;2.328168
44.792274, 6.558372;44.792274;6.558372
46.588805, 1.51986;46.588805;1.51986
50.686113, 2.894624;50.686113;2.894624
43.10327, -0.430803;43.10327;-0.430803
43.292517, 5.566079;43.292517;5.566079
45.756523, 3.143499;45.756523;3.143499
44.92393, 2.442797;44.92393;2.442797
45.037556, 6.081406;45.037556;6.081406
43.951249, 4.808538;43.951249;4.808538
43.062858, 0.15111;43.062858;0.15111
44.16605, 4.620681;44.16605;4.620681
43.662182, 4.013467;43.662182;4.013467
48.230581, 4.709869;48.230581;4.709869
42.695783, 9.447861;42.695783;9.447861
43.495508, -1.471382;43.495508;-1.471382
43.705177, 7.329524;43.705177;7.329524
50.427424, 1.879935;50.427424;1.879935
46.107207, 5.825389;46.107207;5.825389
45.57230759999999, 6.741789599999947;45.57230759999999;6.741789599999947
47.240272, 6.023995;47.240272;6.023995
43.349529, 6.177013;43.349529;6.177013
48.183726, -1.649328;48.183726;-1.649328
47.476369, -1.763766;47.476369;-1.763766
44.910625, -0.633757;44.910625;-0.633757
45.12999, -0.661334;45.12999;-0.661334
45.7445112, 4.006010699999933;45.7445112;4.006010699999933
48.774577, 2.486664;48.774577;2.486664
43.290386, 0.651246;43.290386;0.651246
48.83591, 2.239289;48.83591;2.239289
42.524735, 2.832419;42.524735;2.832419
47.10605, 2.431929;47.10605;2.431929
48.932361, 2.424858;48.932361;2.424858
50.770801, 3.08126;50.770801;3.08126
48.415251, 3.237856;48.415251;3.237856
48.391567, -4.434751;48.391567;-4.434751
48.696652, 2.607228;48.696652;2.607228
50.479971, 2.545868;50.479971;2.545868
44.845348, 0.909131;44.845348;0.909131
48.795796, 2.335316;48.795796;2.335316
49.168683, -0.337953;49.168683;-0.337953
45.804798, 4.853092;45.804798;4.853092
47.41167, -1.965724;47.41167;-1.965724
44.761134, -0.654322;44.761134;-0.654322
43.552517, 7.015358;43.552517;7.015358
44.292217, -0.259312;44.292217;-0.259312
43.516624, 1.498262;43.516624;1.498262
49.525593, 0.72697;49.525593;0.72697
43.172524, 6.530347;43.172524;6.530347
43.947931, -0.041716;43.947931;-0.041716
43.203101, 1.083573;43.203101;1.083573
43.392145, 3.103753;43.392145;3.103753
42.486293, 2.749588;42.486293;2.749588
44.742006, -0.685394;44.742006;-0.685394
47.803369, 5.431466;47.803369;5.431466
45.566066, 5.923359;45.566066;5.923359
49.155627, 2.248819;49.155627;2.248819
45.061194, 4.302941;45.061194;4.302941
48.814397, 2.508133;48.814397;2.508133
44.068241, 5.987231;44.068241;5.987231
48.194912, -4.094078;48.194912;-4.094078
43.885453, 4.855476;43.885453;4.855476
48.886917, 2.156299;48.886917;2.156299
48.7407435, 2.764804799999979;48.7407435;2.764804799999979
45.877437, 4.7121;45.877437;4.7121
48.877872, 2.586341;48.877872;2.586341
49.642211, -1.613365;49.642211;-1.613365
48.880488, 2.772675;48.880488;2.772675
47.16663, 0.240401;47.16663;0.240401
43.177341, 5.610704;43.177341;5.610704
43.625579, 3.435522;43.625579;3.435522
45.776195, 3.081674;45.776195;3.081674
45.803623, 3.108544;45.803623;3.108544
46.050618, 6.587273;46.050618;6.587273
48.412765, -1.750635;48.412765;-1.750635
47.899073, -3.909554;47.899073;-3.909554
43.955916, 0.372655;43.955916;0.372655
42.627056, 8.921392;42.627056;8.921392
49.908852, 2.515061;49.908852;2.515061
42.301162, 9.151626;42.301162;9.151626
51.018022, 2.380798;51.018022;2.380798
49.334767, -0.457474;49.334767;-0.457474
44.773724, -0.348948;44.773724;-0.348948
44.726462, 5.02496;44.726462;5.02496
47.292765, -2.509877;47.292765;-2.509877
44.656708, 4.761992;44.656708;4.761992
48.517401, 2.627798;48.517401;2.627798
47.766235, 2.572005;47.766235;2.572005
45.768904, 4.955836;45.768904;4.955836
47.512144, 7.007276;47.512144;7.007276
44.527384, 5.066722;44.527384;5.066722
49.286704, -0.099295;49.286704;-0.099295
46.512529, 3.675133;46.512529;3.675133
47.319099, -2.074953;47.319099;-2.074953
49.3091816, -0.9051690000000008;49.3091816;-0.9051690000000008
45.147822, 5.718011;45.147822;5.718011
48.766594, 1.949214;48.766594;1.949214
49.287936, 1.008591;49.287936;1.008591
44.371085, 6.682435;44.371085;6.682435
48.971934, 2.305204;48.971934;2.305204
45.432581, 5.756014;45.432581;5.756014
48.605997, 1.675422;48.605997;1.675422
49.6480683, -1.6539331999999831;49.6480683;-1.6539331999999831
47.654375, -3.202141;47.654375;-3.202141
48.895422, -0.199598;48.895422;-0.199598
49.757837, 0.37728;49.757837;0.37728
45.750204, 4.225091;45.750204;4.225091
42.965028, 1.607346;42.965028;1.607346
42.960943, 1.609276;42.960943;1.609276
48.811271, 2.045243;48.811271;2.045243
43.959829, 5.781061;43.959829;5.781061
50.013373, 4.04454;50.013373;4.04454
43.432981, 6.732812;43.432981;6.732812
43.447733, 3.752698;43.447733;3.752698
46.097274, 3.197027;46.097274;3.197027
44.559365, 6.078993;44.559365;6.078993
48.971945, 2.399817;48.971945;2.399817
43.560669, -0.272312;43.560669;-0.272312
48.999982, 2.428131;48.999982;2.428131
44.737405, 1.38428;44.737405;1.38428
49.03242, 2.471796;49.03242;2.471796
49.413966, 1.041562;49.413966;1.041562
43.76859, 1.296013;43.76859;1.296013
45.187177, 5.722453;45.187177;5.722453
45.190618, 5.723517;45.190618;5.723517
47.908949, 7.211201;47.908949;7.211201
48.064952, -3.208011;48.064952;-3.208011
47.907692, -2.118355;47.907692;-2.118355
46.169796, 1.867356;46.169796;1.867356
44.662223, 6.649662;44.662223;6.649662
49.898867, 3.627448;49.898867;3.627448
44.874611, -0.677018;44.874611;-0.677018
50.780027, 3.127664;50.780027;3.127664
45.977393, 5.601461;45.977393;5.601461
49.288956, -1.544392;49.288956;-1.544392
46.87211, -1.013741;46.87211;-1.013741
49.920188, 4.084108;49.920188;4.084108
43.118684, 6.128014;43.118684;6.128014
46.72447, -2.348624;46.72447;-2.348624
48.81362, 2.389338;48.81362;2.389338
48.816711, 2.468136;48.816711;2.468136
47.668953, 7.496743;47.668953;7.496743
50.651234, 3.02797;50.651234;3.02797
45.557325, 6.763374;45.557325;6.763374
44.553056, -0.245112;44.553056;-0.245112
44.5231, -0.232774;44.5231;-0.232774
45.285761, 6.879713;45.285761;6.879713
49.569175, 3.623996;49.569175;3.623996
43.700824, 1.820322;43.700824;1.820322
43.600031, 1.239756;43.600031;1.239756
46.815557, 0.327879;46.815557;0.327879
43.200704, 2.758263;43.200704;2.758263
48.881921, 2.419546;48.881921;2.419546
49.145632, 0.228315;49.145632;0.228315
48.92579, 2.545121;48.92579;2.545121
50.651256, 2.975116;50.651256;2.975116
49.518361, 5.770719;49.518361;5.770719
49.216151, 1.170764;49.216151;1.170764
48.593047, 6.48972;48.593047;6.489720
45.787163, 4.799719;45.787163;4.799719
45.76732, 4.835049;45.76732;4.835049
45.779971, 4.832347;45.779971;4.832347
45.508685, 6.679705;45.508685;6.679705
48.801474, 2.430493;48.801474;2.430493
48.004856, 0.20079;48.004856;0.20079
43.525284, 0.161702;43.525284;0.161702
50.664345, 3.072348;50.664345;3.072348
45.821371, -1.108436;45.821371;-1.108436
49.06744, 6.148929;49.06744;6.148929
43.28385, 5.384511;43.28385;5.384511
43.300347, 5.399852;43.300347;5.399852
43.28624, 5.383262;43.28624;5.383262
43.289155, 5.481134;43.289155;5.481134
48.302362, -0.620404;48.302362;-0.620404
43.493101, 2.374957;43.493101;2.374957
44.519155, 3.499538;44.519155;3.499538
49.118892, 6.175464;49.118892;6.175464
43.089583, 1.87481;43.089583;1.87481
45.14954, 6.634433;45.14954;6.634433
44.132684, 1.066545;44.132684;1.066545
47.18723, -1.679304;47.18723;-1.679304
49.261576, 2.452904;49.261576;2.452904
44.016766, 1.361386;44.016766;1.361386
45.612675, 4.067565;45.612675;4.067565
46.674118, 4.364044;46.674118;4.364044
47.38864, -0.8621689999999944;47.38864;-0.8621689999999944
48.873643, 3.534231;48.873643;3.534231
43.607742, 3.880324;43.607742;3.880324
43.084724, 0.571254;43.084724;0.571254
48.862437, 2.442502;48.862437;2.442502
45.22819, 6.404581;45.22819;6.404581
45.616568, 4.675055;45.616568;4.675055
48.520588, 0.545946;48.520588;0.545946
43.617882, 6.97286;43.617882;6.97286
46.56427, 3.339458;46.56427;3.339458
47.733763, 7.30706;47.733763;7.30706
45.034377, 0.364624;45.034377;0.364624
48.689045, 6.178729;48.689045;6.178729
48.704545, 6.157804;48.704545;6.157804
48.691512, 6.195241;48.691512;6.195241
47.213357, -1.558244;47.213357;-1.558244
47.213603, -1.562528;47.213603;-1.562528
49.730796, 1.442643;49.730796;1.442643
48.87311, 2.510505;48.87311;2.510505
43.758956, -0.034329;43.758956;-0.034329
47.441735, -1.502661;47.441735;-1.502661
49.491272, 0.575902;49.491272;0.575902
47.535458, 2.042446;47.535458;2.042446
47.106949, 6.144394;47.106949;6.144394
49.130553, 2.511848;49.130553;2.511848
49.276964, -0.256313;49.276964;-0.256313
46.449057, 4.116424;46.449057;4.116424
47.799654, -4.356964;47.799654;-4.356964
43.413496, 5.356466;43.413496;5.356466
44.0967176, 6.928323500000033;44.0967176;6.928323500000033
45.182579, 0.718006;45.182579;0.718006
49.930788, 2.936858;49.930788;2.936858
48.814855, -3.457451;48.814855;-3.457451
43.460841, 3.42083;43.460841;3.42083
43.604768, 0.0448;43.604768;0.0448
47.763891, 6.743534;47.763891;6.743534
48.655594, -3.630501;48.655594;-3.630501
48.578076, -2.061657;48.578076;-2.061657
48.657353, -4.170827;48.657353;-4.170827
48.92287, 2.029616;48.92287;2.029616
48.803412, 2.611316;48.803412;2.611316
47.435409, -2.088906;47.435409;-2.088906
49.285635, 0.185399;49.285635;0.185399
49.302107, 2.60337;49.302107;2.60337
47.434019, -0.500603;47.434019;-0.500603
44.8722, -1.092786;44.8722;-1.092786
47.184077, 3.945032;47.184077;3.945032
47.276193, -2.429727;47.276193;-2.429727
46.773329, -0.84843;46.773329;-0.84843
44.82571, 6.498622;44.82571;6.498622
47.480187, -3.121863;47.480187;-3.121863
47.994608, -4.102191;47.994608;-4.102191
47.874513, -3.545043;47.874513;-3.545043
48.106343, -1.675345;48.106343;-1.675345
49.615851, -1.26046;49.615851;-1.26046
44.647615, 6.629737;44.647615;6.629737
45.434822, 4.32352;45.434822;4.32352
46.156657, -1.154697;46.156657;-1.154697
45.815626, 0.307695;45.815626;0.307695
48.793178, 2.648662;48.793178;2.648662
48.516527, 3.723266;48.516527;3.723266
43.665141, 7.049995;43.665141;7.049995
48.880702, 2.480345;48.880702;2.480345
50.691883, 3.165548;50.691883;3.165548
49.444934, 1.067208;49.444934;1.067208
45.809747, 4.596802;45.809747;4.596802
45.747157, -0.634183;45.747157;-0.634183
45.74154, -0.691811;45.74154;-0.691811
43.490681, 0.929457;43.490681;0.929457
44.885645, 1.216981;44.885645;1.216981
47.280282, 4.229497;47.280282;4.229497
49.698315, 4.947865;49.698315;4.947865
49.317865, 6.093266;49.317865;6.093266
43.408726, 3.698237;43.408726;3.698237
48.721194, 3.729236;48.721194;3.729236
45.941027, 6.035993;45.941027;6.035993
43.093086, 5.83938;43.093086;5.83938
48.951678, 2.381372;48.951678;2.381372
49.487702, 5.197037;49.487702;5.197037
48.582805, 7.74237;48.582805;7.74237
45.174031, 5.218117;45.174031;5.218117
48.571134, 1.933453;48.571134;1.933453
48.256952, -1.391536;48.256952;-1.391536
45.201563, 0.134975;45.201563;0.134975
49.106153, 6.700789;49.106153;6.700789
44.85779, 1.896668;44.85779;1.896668
44.932417, 6.590074;44.932417;6.590074
48.284403, 6.952124;48.284403;6.952124
45.43924, 4.401579;45.43924;4.401579
44.906415, -0.484312;44.906415;-0.484312
42.676812, 9.302536;42.676812;9.302536
45.591253, 4.316478;45.591253;4.316478
45.339698, 4.414174;45.339698;4.414174
46.699163, -1.927816;46.699163;-1.927816
42.983492, 1.146819;42.983492;1.146819
45.214928, 6.260483;45.214928;6.260483
45.388247, 5.73148;45.388247;5.73148
45.155481, 5.318377;45.155481;5.318377
47.52339, -1.186562;47.52339;-1.186562
45.295246, 6.58263;45.295246;6.58263
43.638749, 4.813461;43.638749;4.813461
48.798427, 2.485821;48.798427;2.485821
43.32495, 6.62431;43.32495;6.62431
48.188591, -2.192564;48.188591;-2.192564
50.038633, 2.123723;50.038633;2.123723
48.904144, 2.339193;48.904144;2.339193
43.327875, -1.034919;43.327875;-1.034919
45.64428, -1.088823;45.64428;-1.088823
45.943128, -1.308557;45.943128;-1.308557
48.06123, 0.167196;48.06123;0.167196
43.77186, 1.688125;43.77186;1.688125
45.629307, 4.452451;45.629307;4.452451
43.660752, -1.304343;43.660752;-1.304343
44.811682, -0.592543;44.811682;-0.592543
45.761019, 4.761288;45.761019;4.761288
44.550873, 4.681776;44.550873;4.681776
44.08886, 7.593211;44.08886;7.593211
48.265259, 0.690629;48.265259;0.690629
46.389621, 6.718783;46.389621;6.718783
47.267642, -0.502889;47.267642;-0.502889
45.456559, 6.900294;45.456559;6.900294
48.763163, -0.732609;48.763163;-0.732609
45.252655, 0.493333;45.252655;0.493333
44.391294, 0.311793;44.391294;0.311793
47.856492, 3.972991;47.856492;3.972991
43.124501, 5.96296;43.124501;5.96296
43.588909, 1.445984;43.588909;1.445984
43.60456, 1.44782;43.60456;1.44782
50.721235, 3.15888;50.721235;3.15888
43.726077, 5.547136;43.726077;5.547136
45.562468, 5.444145;45.562468;5.444145
46.562498, 4.912313;46.562498;4.912313
48.99649, 2.550261;48.99649;2.550261
45.297176, 5.483039;45.297176;5.483039
45.424402, 1.563016;45.424402;1.563016
48.008328, 6.71485;48.008328;6.71485
43.641892, 7.006394;43.641892;7.006394
44.930191, 4.893946;44.930191;4.893946
43.131815, 5.988887;43.131815;5.988887
45.174957, 6.493547;45.174957;6.493547
48.821779, 2.287439;48.821779;2.287439
48.367677, 2.957289;48.367677;2.957289
45.789822, 4.917721;45.789822;4.917721
44.954501, 1.70171;44.954501;1.70171
45.355735, -1.060588;45.355735;-1.060588
48.666901, 7.711243;48.666901;7.711243
49.159325, 5.38635;49.159325;5.38635
47.636582, 6.166288;47.636582;6.166288
47.14704, -0.536932;47.14704;-0.536932
45.244201, 6.263395;45.244201;6.263395
48.824654, 2.18397;48.824654;2.18397
43.398281, 1.715623;43.398281;1.715623
48.793428, 2.363199;48.793428;2.363199
48.735355, 2.416829;48.735355;2.416829
44.408808, 0.704017;44.408808;0.704017
45.770555, 4.874404;45.770555;4.874404
48.826124, 2.542402;48.826124;2.542402
48.838655, -0.892968;48.838655;-0.892968
43.447301, 5.250042;43.447301;5.250042
48.790948, 2.388152;48.790948;2.388152
45.365575, 5.589119;45.365575;5.589119
49.714863, 3.584145;49.714863;3.584145
45.390497, 3.946964;45.390497;3.946964
48.57924680000001, 2.2996356999999534;48.57924680000001;2.2996356999999534
48.032408, 3.296723;48.032408;3.296723
43.658327, 7.12373;43.658327;7.12373
43.43362, 5.050227;43.43362;5.050227
48.00072, -4.109877;48.00072;-4.109877
43.437442, 5.25529;43.437442;5.25529
47.38634, 0.653023;47.38634;0.653023
43.297725, 5.360374;43.297725;5.360374
45.182708, 0.762663;45.182708;0.762663
45.989161, 4.724226;45.989161;4.724226
47.345608, 0.608054;47.345608;0.608054
45.164059, 6.089026;45.164059;6.089026
44.182478, 2.786721;44.182478;2.786721
48.872431, 2.299525;48.872431;2.299525
48.843074, 2.324424;48.843074;2.324424
48.861555, 2.352217;48.861555;2.352217
48.842813, 2.330525;48.842813;2.330525
48.870455, 2.35466;48.870455;2.35466
48.858204, 2.282104;48.858204;2.282104
48.864763, 2.399555;48.864763;2.399555
48.853157, 2.370719;48.853157;2.370719
48.860238, 2.37214;48.860238;2.37214
48.847502, 2.371855;48.847502;2.371855
48.837759, 2.296259;48.837759;2.296259
48.833879, 2.330976;48.833879;2.330976
48.847502, 2.342301;48.847502;2.342301
48.836817, 2.349632;48.836817;2.349632
48.893315, 2.311503;48.893315;2.311503
48.852605, 2.406733;48.852605;2.406733
45.555539, 6.651442;45.555539;6.651442
43.699953, -0.265292;43.699953;-0.265292
43.524462, 5.439812;43.524462;5.439812
44.125939, 4.077527;44.125939;4.077527
45.394059, 6.075331;45.394059;6.075331
44.283294, 6.539965;44.283294;6.539965
47.62383, 7.236058;47.62383;7.236058
47.41057, 0.980035;47.41057;0.980035
47.364116, -1.178442;47.364116;-1.178442
45.928236, 2.829038;45.928236;2.829038
42.577018, 2.075079;42.577018;2.075079
45.912917, 6.125425;45.912917;6.125425
44.660258, -1.168378;44.660258;-1.168378
46.1393558, 6.124697400000059;46.1393558;6.124697400000059
43.005826, -0.095968;43.005826;-0.095968
48.745411, -0.019397;48.745411;-0.019397
48.058076, -1.148927;48.058076;-1.148927
42.955828, -0.213947;42.955828;-0.213947
48.906327, 2.284046;48.906327;2.284046
48.7102, 2.388137;48.7102;2.388137
43.671301, 1.43582;43.671301;1.43582
43.651097, 0.594265;43.651097;0.594265
49.020149, -0.629742;49.020149;-0.629742
45.1750733, 5.540751;45.1750733;5.540751
46.95158, 4.296621;46.95158;4.296621
47.793473, 3.56576;47.793473;3.56576
43.543431, 1.565026;43.543431;1.565026
50.124842, 3.926833;50.124842;3.926833
48.447747, 6.736992;48.447747;6.736992
50.740146, 2.736651;50.740146;2.736651
49.544612, 0.95126;49.544612;0.95126
47.215304, -1.465696;47.215304;-1.465696
47.877156, -3.017589;47.877156;-3.017589
47.353131, 6.359659;47.353131;6.359659
49.278064, -0.70355;49.278064;-0.70355
47.777284, 1.628684;47.777284;1.628684
45.338891, 5.057286;45.338891;5.057286
43.611508, 3.171558;43.611508;3.171558
47.63059, 6.861946;47.63059;6.861946
47.240015, 6.025346;47.240015;6.025346
47.21818, 5.973484;47.21818;5.973484
48.931156, 2.207081;48.931156;2.207081
44.92068, 1.841345;44.92068;1.841345
48.589226, 6.84543;48.589226;6.84543
49.983958, 3.455918;49.983958;3.455918
48.916548, 2.266897;48.916548;2.266897
44.8405, -0.582021;44.8405;-0.582021
45.401122, 2.498735;45.401122;2.498735
50.722562, 1.605722;50.722562;1.605722
48.837649, 2.239534;48.837649;2.239534
46.618744, 3.759124;46.618744;3.759124
45.953962, 1.755702;45.953962;1.755702
45.055549, 6.028706;45.055549;6.028706
46.206273, 5.22595;46.206273;5.22595
45.590599, 5.277321;45.590599;5.277321
45.622605, 6.777587;45.622605;6.777587
46.850232, -0.474956;46.850232;-0.474956
44.900658, 6.632743;44.900658;6.632743
49.471445, -1.631851;49.471445;-1.631851
45.158027, 1.529898;45.158027;1.529898
49.290634, -0.113862;49.290634;-0.113862
43.824209, 2.878911;43.824209;2.878911
44.162816, 4.889682;44.162816;4.889682
47.551609, -1.038715;47.551609;-1.038715
43.567121, 6.963836;43.567121;6.963836
43.576083, 7.017663;43.576083;7.017663
43.56912, 7.005225;43.56912;7.005225
49.452077, 1.037664;49.452077;1.037664
44.895434, -0.508506;44.895434;-0.508506
43.4765018, 6.182329100000061;43.4765018;6.182329100000061
43.215622, 5.538828;43.215622;5.538828
50.127719, 3.415275;50.127719;3.415275
43.837243, 5.040229;43.837243;5.040229
43.834515, 5.041736;43.834515;5.041736
46.84884, -1.872212;46.84884;-1.872212
45.548622, 5.986578;45.548622;5.986578
47.353192, -0.764716;47.353192;-0.764716
46.781473, 4.853059;46.781473;4.853059
48.398755, 2.80515;48.398755;2.80515
47.341938, 0.723719;47.341938;0.723719
46.68832, -1.052512;46.68832;-1.052512
48.110334, -1.405013;48.110334;-1.405013
46.810828, 1.697689;46.810828;1.697689
48.822643, 6.507084;48.822643;6.507084
46.2662845, 6.84154239999998;46.2662845;6.84154239999998
46.820621, 0.544345;46.820621;0.544345
48.800675, 2.288049;48.800675;2.288049
46.108833, -0.068552;46.108833;-0.068552
48.856412, 2.773682;48.856412;2.773682
44.907088, 4.421455;44.907088;4.421455
48.703333, 2.314917;48.703333;2.314917
47.061739, -0.881773;47.061739;-0.881773
43.175703, 5.604941;43.175703;5.604941
43.257218, 0.483469;43.257218;0.483469
44.814065, 5.63181;44.814065;5.63181
49.377974, 2.414916;49.377974;2.414916
45.778539, 3.081053;45.778539;3.081053
47.083295, -1.287262;47.083295;-1.287262
46.43482, 4.657216;46.43482;4.657216
45.904524, 6.425393;45.904524;6.425393
46.058081, 6.580638;46.058081;6.580638
43.250728, 6.537455;43.250728;6.537455
48.923862, 2.250041;48.923862;2.250041
46.287439, 2.74393;46.287439;2.74393
48.8506, -0.551002;48.8506;-0.551002
48.603813, 2.469302;48.603813;2.469302
48.959824, 2.189151;48.959824;2.189151
48.901327, 2.271867;48.901327;2.271867
45.755201, 3.536932;45.755201;3.536932
45.904817, 6.100656;45.904817;6.100656
48.786063, 2.444158;48.786063;2.444158
46.805596, 4.420044;46.805596;4.420044
48.242699, -4.494348;48.242699;-4.494348
47.049645, 6.481499;47.049645;6.481499
49.356857, 0.072039;49.356857;0.072039
47.314412, 5.048804;47.314412;5.048804
48.539414, 7.423392;48.539414;7.423392
48.521892, 7.500139;48.521892;7.500139
50.365337, 3.083696;50.365337;3.083696
50.375978, 3.075606;50.375978;3.075606
48.088483, -4.329101;48.088483;-4.329101
48.528741, 2.015215;48.528741;2.015215
51.033536, 2.372294;51.033536;2.372294
46.300709, 1.673061;46.300709;1.673061
48.992968, 2.278288;48.992968;2.278288
47.278354, 5.995713;47.278354;5.995713
44.644532, 2.564434;44.644532;2.564434
48.298541, -0.935976;48.298541;-0.935976
48.421595, 7.661242;48.421595;7.661242
48.626357, -2.833902;48.626357;-2.833902
46.712066, -1.314796;46.712066;-1.314796
48.5905665, -0.3580058000000008;48.5905665;-0.3580058000000008
47.699791, -0.080579;47.699791;-0.080579
48.749639, -0.563195;48.749639;-0.563195
46.529206, 0.279764;46.529206;0.279764
46.466465, -0.803028;46.466465;-0.803028
48.852329, 2.461111;48.852329;2.461111
42.505205, 2.040244;42.505205;2.040244
45.73125, 4.765987;45.73125;4.765987
48.752796, 2.313077;48.752796;2.313077
42.657224, 9.423381;42.657224;9.423381
48.794527, 0.298902;48.794527;0.298902
44.55986, 6.07839;44.55986;6.07839
43.124317, 6.009199;43.124317;6.009199
46.374596, 0.404662;46.374596;0.404662
47.241889, 5.217949;47.241889;5.217949
48.928469, 2.293206;48.928469;2.293206
47.733433, 2.650054;47.733433;2.650054
43.626338, 0.878691;43.626338;0.878691
48.413307, -0.814298;48.413307;-0.814298
48.141023, -3.606192;48.141023;-3.606192
43.544412, 4.131107;43.544412;4.131107
45.189425, 5.728332;45.189425;5.728332
43.420117, -1.60616;43.420117;-1.60616
44.932115, 4.875562;44.932115;4.875562
48.559935, -3.148205;48.559935;-3.148205
43.656112, -0.592314;43.656112;-0.592314
43.382881, -1.306533;43.382881;-1.306533
48.977726, -1.557167;48.977726;-1.557167
43.355543, -1.773311;43.355543;-1.773311
47.414702, -1.655686;47.414702;-1.655686
49.202885, -0.332513;49.202885;-0.332513
48.363571, -3.746066;48.363571;-3.746066
45.080667, 6.0585;45.080667;6.0585
45.090313, 6.07033;45.090313;6.07033
47.125566, 0.414813;47.125566;0.414813
49.320073, -1.104154;49.320073;-1.104154
43.614931, 1.089434;43.614931;1.089434
47.959564, -1.491109;47.959564;-1.491109
49.402871, 2.774688;49.402871;2.774688
48.842059, 6.241568;48.842059;6.241568
47.351751, 0.6454439999999977;47.351751;0.6454439999999977
43.538478, 2.263266;43.538478;2.263266
45.120045, 4.534213;45.120045;4.534213
43.593733, 3.082206;43.593733;3.082206
47.326633, 0.408328;47.326633;0.408328
48.72808, -3.460577;48.72808;-3.460577
49.564845, 3.62504;49.564845;3.62504
48.072111, -0.771727;48.072111;-0.771727
43.135578, 6.358877;43.135578;6.358877
42.935388, 1.849583;42.935388;1.849583
44.730648, -0.600381;44.730648;-0.600381
43.875113, -1.302436;43.875113;-1.302436
48.891726, 2.296363;48.891726;2.296363
48.616119, 2.547927;48.616119;2.547927
50.42314, 2.777484;50.42314;2.777484
45.854302, 1.256414;45.854302;1.256414
45.83291, 1.255375;45.83291;1.255375
45.845477, 1.276023;45.845477;1.276023
43.055193, 2.214156;43.055193;2.214156
43.732596, 3.314911;43.732596;3.314911
44.75382, 4.824625;44.75382;4.824625
47.010932, 0.084051;47.010932;0.084051
43.085637, -0.04492;43.085637;-0.04492
43.102921, -0.039469;43.102921;-0.039469
43.098225, -0.045524;43.098225;-0.045524
43.677738, 4.131204;43.677738;4.131204
47.820086, 6.375487;47.820086;6.375487
45.759486, 4.846313;45.759486;4.846313
45.765294, 4.834225;45.765294;4.834225
45.784585, 4.852131;45.784585;4.852131
48.946355, 2.147062;48.946355;2.147062
48.002865, 0.194124;48.002865;0.194124
43.419763, 5.213706;43.419763;5.213706
48.871284, 2.095564;48.871284;2.095564
43.273044, 5.391418;43.273044;5.391418
46.306676, 4.481344;46.306676;4.481344
46.9250409, -0.7596104000000423;46.9250409;-0.7596104000000423
48.916554, 1.821165;48.916554;1.821165
43.221421, -0.889467;43.221421;-0.889467
48.533449, 2.6548;48.533449;2.6548
50.641083, 2.637315;50.641083;2.637315
47.826282, 1.696401;47.826282;1.696401
45.532714, 2.146857;45.532714;2.146857
45.765107, 5.00317;45.765107;5.00317
43.421612, 3.601996;43.421612;3.601996
43.581558, 5.001721;43.581558;5.001721
44.975571, 6.50728;44.975571;6.50728
45.284509, 4.176668;45.284509;4.176668
43.618473, 6.771904;43.618473;6.771904
44.557962, 4.751413;44.557962;4.751413
46.338813, 2.602249;46.338813;2.602249
48.813222, 2.311441;48.813222;2.311441
46.179604, 6.706652;46.179604;6.706652
43.369451, -0.629102;43.369451;-0.629102
44.901927, 5.786028;44.901927;5.786028
48.900167, 2.21295;48.900167;2.21295
48.353974, 5.695801;48.353974;5.695801
45.8173155, 3.7672235;45.8173155;3.7672235
48.849023, 2.552482;48.849023;2.552482
45.523215, 0.659963;45.523215;0.659963
46.829294, -2.137105;46.829294;-2.137105
47.565293, -1.628355;47.565293;-1.628355
47.135748, 4.94934;47.135748;4.94934
49.339471, 1.08919;49.339471;1.08919
48.742445, 2.395558;48.742445;2.395558
44.493107, 6.556982;44.493107;6.556982
43.487215, -0.777436;43.487215;-0.777436
48.780228, -3.05216;48.780228;-3.05216
43.527952, 3.931577;43.527952;3.931577
48.712693, 2.363281;48.712693;2.363281
48.903037, 2.507379;48.903037;2.507379
45.418565, 4.675401;45.418565;4.675401
42.663168, 2.880281;42.663168;2.880281
49.301154, 5.786676;49.301154;5.786676
43.22419, 6.144814;43.22419;6.144814
44.376008, 4.701762;44.376008;4.701762
49.166275, -1.5704;49.166275;-1.5704
48.173277, 2.253059;48.173277;2.253059
47.998597, -2.096562;47.998597;-2.096562
48.590655, -2.553431;48.590655;-2.553431
47.963557, 6.457663;47.963557;6.457663
46.580669, 0.339687;46.580669;0.339687
47.359284, -0.860039;47.359284;-0.860039
45.580586, -0.546711;45.580586;-0.546711
49.354873, 0.511693;49.354873;0.511693
45.749757, 5.175101;45.749757;5.175101
47.383873, 6.769949;47.383873;6.769949
44.266447, 4.644976;44.266447;4.644976
47.750682, 0.192681;47.750682;0.192681
47.119337, -2.101111;47.119337;-2.101111
43.404425, 4.98382;43.404425;4.98382
43.39359, 4.796834;43.39359;4.796834
43.108927, 6.020419;43.108927;6.020419
44.734637, 4.59441;44.734637;4.59441
47.311707, 5.092506;47.311707;5.092506
43.822342, 1.724822;43.822342;1.724822
43.545097, 1.484818;43.545097;1.484818
47.643971, -2.08863;47.643971;-2.08863
49.256421, 4.026693;49.256421;4.026693
48.107745, -1.67277;48.107745;-1.67277
44.032421, 2.535913;44.032421;2.535913
48.194474, 7.323025;48.194474;7.323025
44.3078, 2.237623;44.3078;2.237623
45.894648, 3.119978;45.894648;3.119978
45.281368, 2.657031;45.281368;2.657031
48.65291, 2.418053;48.65291;2.418053
46.037107, 4.06479;46.037107;4.06479
46.066503, 6.314579;46.066503;6.314579
45.93763, -0.966174;45.93763;-0.966174
46.157744, -1.153595;46.157744;-1.153595
46.785295, 0.811448;46.785295;0.811448
44.34873, 2.57572;44.34873;2.57572
45.045939, 5.054595;45.045939;5.054595
45.046219, 5.050587;45.046219;5.050587
48.213608, -1.892787;48.213608;-1.892787
47.358326, 1.745177;47.358326;1.745177
48.237305, -3.316257;48.237305;-3.316257
49.438455, 1.096887;49.438455;1.096887
49.430638, 1.085206;49.430638;1.085206
48.862565, 2.194794;48.862565;2.194794
45.85878, 5.957306;45.85878;5.957306
43.637405, 5.099136;43.637405;5.099136
43.117504, 5.799215;43.117504;5.799215
49.11063, 7.070985;49.11063;7.070985
47.262131, -0.078279;47.262131;-0.078279
47.363726, -1.942308;47.363726;-1.942308
48.57649, 2.579118;48.57649;2.579118
47.49215, 4.334794;47.49215;4.334794
45.95807, 5.835541;45.95807;5.835541
49.382084, 3.326393;49.382084;3.326393
41.904436, 9.388834;41.904436;9.388834
50.174295, 4.093165;50.174295;4.093165
48.581785, 7.746387;48.581785;7.746387
48.871363, 2.229109;48.871363;2.229109
45.009604, -0.438522;45.009604;-0.438522
45.421496, 4.064272;45.421496;4.064272
44.803412, 3.275679;44.803412;3.275679
48.852362, 2.216385;48.852362;2.216385
48.93659, 2.358747;48.93659;2.358747
45.230283, 5.681963;45.230283;5.681963
45.4379, 4.395893;45.4379;4.395893
48.535934, 2.547053;48.535934;2.547053
46.996042, 2.252694;46.996042;2.252694
45.415068, 6.357553;45.415068;6.357553
45.59922, -0.993953;45.59922;-0.993953
48.971269, 2.274468;48.971269;2.274468
46.269476, -0.715321;46.269476;-0.715321
45.501585, 5.142493;45.501585;5.142493
45.340205, 4.313068;45.340205;4.313068
45.51246, 4.263395;45.51246;4.263395
44.397257, 0.588996;44.397257;0.588996
44.398567, 0.590542;44.398567;0.590542
49.118217, -1.098287;49.118217;-1.098287
47.586452, 7.564551;47.586452;7.564551
43.074223, 5.927991;43.074223;5.927991
45.323346, 6.538468;45.323346;6.538468
44.833366, 5.59397;44.833366;5.59397
45.185764, 5.747373;45.185764;5.747373
48.793451, 2.514771;48.793451;2.514771
43.453509, 5.860383;43.453509;5.860383
47.180946, -2.149737;47.180946;-2.149737
42.366924, 9.53137;42.366924;9.53137
43.687155, 5.708539;43.687155;5.708539
48.400769, -0.099188;48.400769;-0.099188
48.687279, -3.992419;48.687279;-3.992419
48.651051, -2.83135;48.651051;-2.83135
48.431183, -4.623373;48.431183;-4.623373
47.135691, 2.548784;47.135691;2.548784
48.756508, 2.371928;48.756508;2.371928
45.855676, 3.547437;45.855676;3.547437
49.362347, 6.111437;49.362347;6.111437
45.881671, 6.325794;45.881671;6.325794
46.369762, 6.481305;46.369762;6.481305
47.734838, 3.292272;47.734838;3.292272
43.563857, 1.404136;43.563857;1.404136
50.524614, 1.585193;50.524614;1.585193
43.581932, 1.345083;43.581932;1.345083
45.065738, 4.834751;45.065738;4.834751
46.34852, -1.448152;46.34852;-1.448152
48.780183, 1.992423;48.780183;1.992423
46.46634, 1.038441;46.46634;1.038441
48.682507, 2.169714;48.682507;2.169714
48.675884, 2.175597;48.675884;2.175597
45.396194, 4.281269;45.396194;4.281269
45.550069, 2.312425;45.550069;2.312425
47.148814, 6.343241;47.148814;6.343241
44.384549, 4.991924;44.384549;4.991924
44.655637, 4.36656;44.655637;4.36656
47.670076, -2.792332;47.670076;-2.792332
48.837881, 2.157499;48.837881;2.157499
45.763741, 4.920277;45.763741;4.920277
43.723214, 7.110472;43.723214;7.110472
45.697279, 4.8697;45.697279;4.8697
48.754993, 2.269638;48.754993;2.269638
49.873882, 0.796808;49.873882;0.796808
43.387059, 0.055241;43.387059;0.055241
43.757919, 0.302664;43.757919;0.302664
43.991372, 3.607058;43.991372;3.607058
48.837867, -1.221993;48.837867;-1.221993
45.612006, 5.156182;45.612006;5.156182
43.701093, 7.311425;43.701093;7.311425
44.351282, 2.034728;44.351282;2.034728
44.788343, -0.532977;44.788343;-0.532977
50.616176, 3.139061;50.616176;3.139061
50.615793, 3.126269;50.615793;3.126269
49.254713, 3.092158;49.254713;3.092158
49.324649, -0.001154;49.324649;-0.001154
48.849453, 2.437319;48.849453;2.437319
43.733221, 5.808646;43.733221;5.808646
44.312781, 4.951099;44.312781;4.951099
48.201738, 5.943243;48.201738;5.943243
49.395324, 4.700053;49.395324;4.700053
45.348209, 2.438915;45.348209;2.438915
49.618891, 0.753617;49.618891;0.753617
44.72169, 5.924351;44.72169;5.924351
44.744571, -1.093117;44.744571;-1.093117
43.682089, 3.806546;43.682089;3.806546
46.697805, -1.426619;46.697805;-1.426619
46.673549, -1.425858;46.673549;-1.425858
43.123515, 5.948704;43.123515;5.948704
43.32208, 3.271565;43.32208;3.271565
48.797186, 2.469391;48.797186;2.469391
46.129437, 3.429201;46.129437;3.429201
48.784168, 2.039775;48.784168;2.039775
44.204672, 0.62747;44.204672;0.62747
43.887186, -0.501779;43.887186;-0.501779
44.618656, 4.384301;44.618656;4.384301
41.672626, 9.302129;41.672626;9.302129
44.665847, 1.193196;44.665847;1.193196
48.984111, 2.372423;48.984111;2.372423
48.7946166, 2.5525718999999754;48.7946166;2.5525718999999754
48.612354, -2.049568;48.612354;-2.049568
48.827796, 2.116072;48.827796;2.116072
48.718766, 2.589559;48.718766;2.589559
