annee;pourcentage
2016;49,75238385
2017;50,94974514
2018;52,14369543
2019;49,19127597
2020;51,37446103
2016;53,58945722
2017;51,69201664
2018;50,08987667
2019;49,48350476
2020;47,52702594
2016;50,24554618
2017;50,91953995
2018;51,41882786
2019;48,55287666
2020;51,31398916
2016;53,51906991
2017;53,70206822
2018;50,90623084
2019;47,16316546
2020;48,0147668
2016;
2017;
2018;
2019;
2020;
2016;56,94085591
2017;51,89381897
2018;52,74930661
2019;51,48689718
2020;54,82162598
2016;51,91538279
2017;52,12453337
2018;50,85083466
2019;48,36440577
2020;49,56240271
2016;51,75104751
2017;52,76228462
2018;53,52067668
2019;49,80442025
2020;52,55758789
2016;50,99286752
2017;52,5650305
2018;49,18544581
2019;50,9917593
2020;49,96359521
2016;51,52360998
2017;51,98566414
2018;51,46449391
2019;49,85774257
2020;53,48688016
2016;53,93466389
2017;51,49007702
2018;52,10983949
2019;52,66581792
2020;50,90213642
2016;53,72825334
2017;53,33981917
2018;51,97139779
2019;51,30139209
2020;54,25140431
2016;48,89453923
2017;52,70522458
2018;52,76125734
2019;49,98897625
2020;51,74008416
2016;50,24761615
2017;49,05025486
2018;47,85630457
2019;50,80872403
2020;48,62553897
2016;46,41054278
2017;48,30798336
2018;49,91012333
2019;50,51649524
2020;52,47297406
2016;49,75445382
2017;49,08046005
2018;48,58117214
2019;51,44712334
2020;48,68601084
2016;46,48093009
2017;46,29793178
2018;49,09376916
2019;52,83683454
2020;51,9852332
2016;
2017;
2018;
2019;
2020;
2016;43,05914409
2017;48,10618103
2018;47,25069339
2019;48,51310282
2020;45,17837402
2016;48,08461721
2017;47,87546663
2018;49,14916534
2019;51,63559423
2020;50,43759729
2016;48,24895249
2017;47,23771538
2018;46,47932332
2019;50,19557975
2020;47,44241211
2016;49,00713248
2017;47,4349695
2018;50,81455419
2019;49,0082407
2020;50,03640479
2016;48,47639002
2017;48,01433586
2018;48,53550609
2019;50,14225743
2020;46,51311984
2016;46,06533611
2017;48,50992298
2018;47,89016051
2019;47,33418208
2020;49,09786358
2016;46,27174666
2017;46,66018083
2018;48,02860221
2019;48,69860791
2020;45,74859569
2016;51,10546077
2017;47,29477542
2018;47,23874266
2019;50,01102375
2020;48,25991584
2016;16,55388825
2017;17,68787471
2018;15,82548105
2019;18,47419852
2020;17,13888569
2016;17,1503468
2017;17,62932788
2018;17,61210405
2019;19,63817234
2020;18,7358149
2016;14,22439962
2017;15,48389537
2018;17,34813182
2019;17,64776904
2020;16,66717035
2016;15,48605017
2017;15,68203894
2018;15,95866251
2019;19,17449986
2020;18,12886894
2016;
2017;
2018;
2019;
2020;
2016;14,13702218
2017;15,41179993
2018;15,61256355
2019;18,35070931
2020;18,7903603
2016;17,12266898
2017;17,02293091
2018;17,00364586
2019;20,58407776
2020;18,68209934
2016;12,61813997
2017;14,4038993
2018;13,58130189
2019;14,92074857
2020;14,60949877
2016;16,63421991
2017;16,39259148
2018;17,65560676
2019;18,93966032
2020;20,29283765
2016;15,02690615
2017;16,48035419
2018;16,65126115
2019;18,2775566
2020;19,07602104
2016;15,85716329
2017;15,75862949
2018;16,24157717
2019;19,44862162
2020;18,38821259
2016;15,64975445
2017;16,69220469
2018;17,69103322
2019;19,19710686
2020;19,19674368
2016;13,86773995
2017;13,81106589
2018;14,42785352
2019;15,94544639
2020;16,10135685
2016;18,11470506
2017;18,94196007
2018;19,80731627
2019;18,41379033
2020;20,65139142
2016;20,40853392
2017;21,66767368
2018;19,22162152
2019;17,73787438
2020;19,03064689
2016;19,28810369
2017;19,6949389
2018;19,57643514
2019;16,80608513
2020;16,81394155
2016;16,38291681
2017;18,47277355
2018;21,6744224
2019;16,93179776
2020;19,00476013
2016;
2017;
2018;
2019;
2020;
2016;17,54810002
2017;21,03262218
2018;19,67237873
2019;18,47012104
2020;19,78082503
2016;20,05795052
2017;21,10914278
2018;22,1466235
2019;18,45027818
2020;22,42702797
2016;18,07534438
2017;21,02985951
2018;21,74519276
2019;19,66285051
2020;22,22211785
2016;18,99073823
2017;21,66557849
2018;22,79951545
2019;18,82279663
2020;18,95467415
2016;18,98776142
2017;20,0305144
2018;20,82422552
2019;18,02896883
2020;19,73491627
2016;15,71971363
2017;16,65087931
2018;17,85405424
2019;16,08099017
2020;18,96973957
2016;17,92042244
2017;18,10909661
2018;18,94466702
2019;17,06412448
2020;15,9981787
2016;17,44369553
2017;17,29878471
2018;17,43097847
2019;15,616073
2020;19,95198214
2016;12,76219072
2017;12,5349439
2018;13,88029466
2019;10,72130946
2020;10,84596668
2016;11,84618993
2017;11,96413677
2018;13,75799035
2019;10,42131998
2020;12,36305502
2016;9,797083367
2017;9,088355713
2018;11,53332655
2019;11,20415479
2020;11,44036553
2016;11,78047324
2017;10,9795731
2018;11,83229358
2019;10,20899643
2020;9,052873278
2016;
2017;
2018;
2019;
2020;
2016;12,74462098
2017;12,87639064
2018;13,37774318
2019;11,15021562
2020;11,05282297
2016;14,38020237
2017;12,09378267
2018;14,51020785
2019;11,47084149
2020;10,99932715
2016;13,80384791
2017;13,3761403
2018;14,44839239
2019;11,78591326
2020;12,2290344
2016;11,83536315
2017;10,39812313
2018;11,97509131
2019;9,095852024
2020;11,78976856
2016;11,3535979
2017;10,85699217
2018;11,64498647
2019;9,126380167
2020;10,27698205
2016;13,36618651
2017;10,94804132
2018;11,91982864
2019;8,704129112
2020;9,373332628
2016;13,59426554
2017;11,68387027
2018;11,57581643
2019;9,303281149
2020;9,976987642
2016;11,43146127
2017;10,06186127
2018;12,56168327
2019;10,09076266
2020;9,497077206
2016;16,95454571
2017;16,32776322
2018;17,73302584
2019;13,80647249
2020;13,29764343
2016;17,52314944
2017;15,35592005
2018;17,20371526
2019;13,5332635
2020;12,36738949
2016;17,88672778
2017;15,04447161
2018;15,52970346
2019;13,0488941
2020;12,11999425
2016;14,50722503
2017;13,40351845
2018;16,26027204
2019;13,35449163
2020;12,84490788
2016;
2017;
2018;
2019;
2020;
2016;17,02854578
2017;15,58713341
2018;17,74716568
2019;13,88502962
2020;12,54565812
2016;18,56047231
2017;16,10687811
2018;17,86046056
2019;14,33133571
2020;12,90637742
2016;15,87840775
2017;14,92644905
2018;15,75560075
2019;12,79627397
2020;11,16024143
2016;16,00055924
2017;13,97908477
2018;15,65550417
2019;12,46589885
2020;11,97345643
2016;16,06841245
2017;15,29251502
2018;16,81646576
2019;13,98486401
2020;13,32312833
2016;16,76319963
2017;15,50934796
2018;17,41699956
2019;14,39160188
2020;14,21873749
2016;16,58390819
2017;15,62166307
2018;16,00809869
2019;13,15367324
2020;12,10221407
2016;16,25209483
2017;13,99256507
2018;14,58944136
2019;11,92621277
2020;11,13674031
2016;35,61467026
2017;34,50745811
2018;32,75388219
2019;38,58422921
2020;38,06611278
2016;33,0717799
2017;33,38294162
2018;32,20456882
2019;38,6693698
2020;37,50309369
2016;38,80368555
2017;40,6883384
2018;36,01240303
2019;41,29309693
2020;42,95852833
2016;41,84333476
2017;41,46209597
2018;34,27434947
2019;40,33021432
2020;40,96858977
2016;
2017;
2018;
2019;
2020;
2016;38,54171105
2017;35,09205384
2018;33,59014886
2019;38,1439244
2020;37,83033359
2016;29,87870582
2017;33,66726554
2018;28,47906223
2019;35,16346687
2020;34,98516813
2016;39,62425999
2017;36,26365184
2018;34,46951222
2019;40,83421369
2020;39,77910755
2016;36,53911946
2017;37,56462213
2018;31,91428231
2019;40,67579217
2020;36,98926321
2016;38,56332209
2017;37,33962422
2018;34,0630611
2019;40,5822304
2020;37,58895231
2016;38,29373694
2017;41,13310192
2018;36,56754038
2019;41,37465722
2020;39,04997772
2016;36,25164938
2017;37,89316536
2018;35,78038463
2019;41,28181427
2020;42,72587591
2016;41,00500841
2017;44,83572307
2018;40,99004339
2019;46,42150517
2020;43,31284349
2016;28,38790171
2017;30,1799225
2018;30,16806857
2019;26,40937716
2020;27,76596612
2016;25,00847094
2017;27,04252671
2018;28,85309224
2019;24,79204818
2020;24,3968545
2016;27,47933225
2017;28,59193365
2018;29,59405018
2019;27,18269784
2020;28,73708913
2016;25,03290304
2017;28,07109825
2018;27,45168725
2019;25,03133848
2020;24,48983905
2016;
2017;
2018;
2019;
2020;
2016;27,27387593
2017;29,49363454
2018;29,81360496
2019;27,64348359
2020;26,70769611
2016;25,5963805
2017;28,67321672
2018;28,31712988
2019;24,65503796
2020;26,22283016
2016;36,38083595
2017;37,14010592
2018;37,83529472
2019;34,93253518
2020;34,90045757
2016;25,75079426
2017;27,48817
2018;26,68151894
2019;25,11520329
2020;29,44569963
2016;28,7425947
2017;29,2008991
2018;28,34660147
2019;28,10424714
2020;27,7903502
2016;29,53512395
2017;30,90816715
2018;30,42784203
2019;27,20102398
2020;28,22713097
2016;24,63143188
2017;26,37735245
2018;24,88694259
2019;24,28007345
2020;22,78297371
2016;31,47609788
2017;32,27135861
2018;31,85460385
2019;29,98457494
2020;30,95016278
2016;19,03954206
2017;18,06547809
2018;21,23952847
2019;17,84842194
2020;17,7526479
2016;23,27009891
2017;21,70640358
2018;22,79393199
2019;18,55947914
2020;20,87870486
2016;20,6291296
2017;18,35570295
2018;21,24542804
2019;17,67642715
2020;17,31874773
2016;21,18391534
2017;19,70975913
2018;20,81013171
2019;17,16002752
2020;17,71423997
2016;
2017;
2018;
2019;
2020;
2016;21,68695822
2017;20,67356668
2018;22,19599578
2019;18,2295405
2020;17,18544522
2016;23,21606956
2017;19,85649866
2018;23,17209251
2019;20,02897043
2020;19,22158712
2016;15,54307977
2017;15,10501878
2018;17,07176874
2019;14,47353619
2020;14,58580917
2016;22,97018885
2017;20,83675985
2018;24,01422897
2019;18,39166592
2020;16,8676602
2016;18,88830954
2017;19,26725603
2018;20,50900566
2019;15,50684017
2020;16,24667205
2016;20,30175867
2017;18,38820247
2018;20,79685233
2019;17,50811431
2020;17,33181427
2016;21,74592974
2017;19,90286669
2018;20,80349875
2019;15,29809946
2020;18,14476675
2016;17,9803067
2017;16,41391592
2018;19,94913652
2019;17,06658852
2020;15,19720788
2016;28,26385472
2017;30,32817068
2018;28,56068506
2019;33,3482356
2020;31,73604184
2016;31,29226957
2017;31,89251432
2018;29,65171166
2019;33,82356214
2020;32,02110668
2016;27,03401285
2017;28,74265969
2018;29,6899787
2019;31,12336209
2020;28,87375012
2016;26,43223042
2017;27,88589699
2018;30,385996
2019;32,4528345
2020;33,23861875
2016;
2017;
2018;
2019;
2020;
2016;25,38241702
2017;30,20930976
2018;28,05558652
2019;32,82821538
2020;33,49607861
2016;29,75687592
2017;31,26400781
2018;30,50400881
2019;34,71532561
2020;36,03461425
2016;24,17682662
2017;28,55888728
2018;26,97012646
2019;30,29676122
2020;31,0717615
2016;28,08067869
2017;30,42137101
2018;31,41677251
2019;33,64945992
2020;34,23607603
2016;28,10133082
2017;30,38683086
2018;30,68455513
2019;32,47334367
2020;34,44886408
2016;26,85833273
2017;27,11461676
2018;27,85541196
2019;31,76189685
2020;33,10673415
2016;25,73662038
2017;28,24120097
2018;29,57803294
2019;32,52454921
2020;31,61088836
2016;25,0341281
2017;25,26131355
2018;25,06329896
2019;28,11717817
2020;31,59615232
2016;24,30870151
2017;21,42642874
2018;20,03171789
2019;22,3939653
2020;22,74534414
2016;20,42916057
2017;19,3585554
2018;18,70126411
2019;22,82491054
2020;22,70333396
2016;24,8575253
2017;24,30970371
2018;19,47054308
2019;24,01751292
2020;25,07041302
2016;27,3509512
2017;24,33324563
2018;21,35218504
2019;25,3557995
2020;24,55730223
2016;
2017;
2018;
2019;
2020;
2016;25,65674883
2017;19,62348902
2018;19,93481275
2019;21,29876053
2020;22,61078005
2016;21,43067403
2017;20,20627681
2018;18,0067688
2019;20,600666
2020;18,52096848
2016;23,89925766
2017;19,19598802
2018;18,12281009
2019;20,2971674
2020;19,44197176
2016;23,19833819
2017;21,25369914
2018;17,88747958
2019;22,84367087
2020;19,45056414
2016;24,26776495
2017;21,14501401
2018;20,45983774
2019;23,91556901
2020;21,51411368
2016;23,30478466
2017;23,58901362
2018;20,91989368
2019;23,52896486
2020;21,33432061
2016;27,88601799
2017;25,4785799
2018;24,73152572
2019;27,89727787
2020;27,46137117
2016;25,50946733
2017;26,05341192
2018;23,13296067
2019;24,83165837
2020;22,25647702
2016;14,28824239
2017;10,57956629
2018;16,05819988
2019;13,13022187
2020;18,44086557
2016;16,12248596
2017;12,82951824
2018;15,28838426
2019;12,8846224
2020;16,27108245
2016;14,2788009
2017;9,985498487
2018;12,51129447
2019;9,797325833
2020;13,09360362
2016;19,11837239
2017;12,37100288
2018;14,84946843
2019;12,82932227
2020;16,27947105
2016;
2017;
2018;
2019;
2020;
2016;15,39429179
2017;9,916413389
2018;13,29683128
2019;10,82364198
2020;12,19060629
2016;15,51871565
2017;9,42632643
2018;13,54369134
2019;12,13474064
2020;12,38591523
2016;25,42800466
2017;18,1993824
2018;26,2890123
2019;22,39557862
2020;23,7618876
2016;12,82789404
2017;8,550762611
2018;12,66559436
2019;12,00302986
2020;12,01334369
2016;14,39233043
2017;9,104334864
2018;11,74592007
2019;10,66434313
2020;11,81977224
2016;13,72638169
2017;10,68564952
2018;15,84155662
2019;13,94868731
2020;15,82120738
2016;13,05491237
2017;8,649041903
2018;11,96340628
2019;10,41945612
2020;11,08429672
2016;16,19125147
2017;10,6026
2018;16,287463
2019;14,1854442
2020;15,18675293
2016;44,43307828
2017;40,63916193
2018;48,59404592
2019;43,42573921
2020;42,45888423
2016;44,79118323
2017;38,96095253
2018;46,60570529
2019;41,20655209
2020;39,79107559
2016;47,60873766
2017;44,82497475
2018;50,97593097
2019;45,16207041
2020;46,30425485
2016;39,4652929
2017;39,99362756
2018;46,44776288
2019;42,48338043
2020;45,61399704
2016;
2017;
2018;
2019;
2020;
2016;49,49496389
2017;44,26376377
2018;48,62990374
2019;44,23235985
2020;45,09554224
2016;46,86857307
2017;44,49099506
2018;49,30773384
2019;45,56224787
2020;44,98784186
2016;44,14774998
2017;46,3222745
2018;49,35854332
2019;45,95259319
2020;47,89880716
2016;43,3730845
2017;37,58787001
2018;42,77881292
2019;39,94669262
2020;42,85583441
2016;46,38873608
2017;43,87608772
2018;50,17047126
2019;46,37865395
2020;51,83753008
2016;50,71199505
2017;47,52869908
2018;50,40913719
2019;45,37843317
2020;51,91766048
2016;41,73407405
2017;40,59692261
2018;48,38991545
2019;43,4827454
2020;45,94490482
2016;48,66180072
2017;48,0239869
2018;51,26538125
2019;48,02027895
2020;50,4564411
2016;41,27867933
2017;48,78127178
2018;35,34775421
2019;43,44403892
2020;39,1002502
2016;39,08633081
2017;48,20952923
2018;38,10591045
2019;45,90882551
2020;43,93784196
2016;38,11246143
2017;45,18952676
2018;36,51277456
2019;45,04060376
2020;40,60214153
2016;41,41633471
2017;47,63536956
2018;38,7027687
2019;44,6872973
2020;38,10653191
2016;
2017;
2018;
2019;
2020;
2016;35,11074432
2017;45,81982284
2018;38,07326498
2019;44,94399817
2020;42,71385147
2016;37,61271128
2017;46,08267851
2018;37,14857482
2019;42,30301149
2020;42,62624291
2016;30,42424536
2017;35,4783431
2018;24,35244438
2019;31,65182819
2020;28,33930524
2016;43,79902146
2017;53,86136738
2018;44,55559272
2019;48,05027751
2020;45,1308219
2016;39,21893349
2017;47,01957742
2018;38,08360867
2019;42,95700292
2020;36,34269769
2016;35,56162327
2017;41,7856514
2018;33,74930619
2019;40,67287952
2020;32,26113214
2016;45,21101358
2017;50,75403548
2018;39,64667827
2019;46,09779848
2020;42,97079845
2016;35,14694781
2017;41,3734131
2018;32,44715575
2019;37,79427685
2020;34,35680597
2005;47,6
2006;47,8
2007;50,2
2008;50,91623037
2009;48,33997344
2010;52,74151436
2011;50,35629454
2012;48,43945069
2013;46,66844683
2014;49,20525971
2015;58,41364363
2005;42,7
2006;47,8
2007;46,3
2008;44,59352802
2009;44,33416046
2010;48,89473684
2011;45,87289993
2012;48,12085483
2013;48,83948238
2014;44,21002263
2015;48,0171551
2005;45,8
2006;50,2
2007;48,6
2008;49,88913525
2009;49,46236559
2010;52,85285285
2011;48,01864802
2012;47,89915966
2013;47,34658674
2014;48,21765685
2015;42,39566626
2005;48
2006;49,7
2007;47,6
2008;38,10526316
2009;40,4494382
2010;42,61168385
2011;43,38235294
2012;46,89922481
2013;48,61336572
2014;43,41097305
2015;44,12334197
2005;49,5
2006;47,8
2007;48,3
2008;39,8245614
2009;43,27272727
2010;48,08184143
2011;45,74468085
2012;47,29520866
2013;46,12792623
2014;44,97708217
2015;44,0830263
2005;47,4
2006;47
2007;46,3
2008;43,74482187
2009;43,56357928
2010;46,60246121
2011;41,19937695
2012;41,93548387
2013;43,86903085
2014;48,52128495
2015;45,12070662
2005;47,3
2006;44,6
2007;42,5
2008;44,79917611
2009;45,1446281
2010;46,97933227
2011;44,84210526
2012;42,68177526
2013;42,82866448
2014;42,88735244
2015;40,62325431
2005;45,8
2006;46,6
2007;45,4
2008;45,4308094
2009;38,61892583
2010;44,90196078
2011;41,11405836
2012;46,13636364
2013;41,91894926
2014;43,79443668
2015;43,32256381
2005;
2006;
2007;
2008;
2009;
2010;
2011;
2012;
2013;
2014;
2015;
2005;50,3
2006;50,9
2007;50,2
2008;46,99453552
2009;51,29533679
2010;52,51937984
2011;50,58139535
2012;50,99150142
2013;51,39743702
2014;56,1909915
2015;55,39890834
2005;43,9
2006;48,6
2007;45,8
2008;44,76843911
2009;45,33333333
2010;49,11392405
2011;42,17687075
2012;47,17285945
2013;43,84904118
2014;44,37781944
2015;42,22398221
2005;45,8
2006;44
2007;45,3
2008;42,98428328
2009;48,27979472
2010;51,17260206
2011;46,83609074
2012;44,74501109
2013;47,86777003
2014;47,20669763
2015;46,30230597
2005;52,4
2006;48,7
2007;47,3
2008;43,85521886
2009;46,51837524
2010;46,03283174
2011;43,88625592
2012;42,65799257
2013;41,58929787
2014;41,98943614
2015;41,58128919
2005;
2006;
2007;
2008;
2009;
2010;44
2011;
2012;
2013;
2014;
2015;
2005;49,2
2006;50,6
2007;47,3
2008;42,65033408
2009;50,33407572
2010;51,61538462
2011;44,23963134
2012;46,08788853
2013;47,75764089
2014;49,54516464
2015;46,36008908
2005;47,2
2006;47,6
2007;50,1
2008;47,98567592
2009;46,02903501
2010;49,61742201
2011;45,86709887
2012;48,66264021
2013;49,57398681
2014;49,72725555
2015;47,36832989
2005;44,8
2006;46,5
2007;42,7
2008;44,08967391
2009;43,86084584
2010;49,68944099
2011;47,61575674
2012;44,56902593
2013;45,07307215
2014;45,9508148
2015;44,78471741
2005;48,8
2006;50,5
2007;48,5
2008;46,78899083
2009;44,65675867
2010;48,09411765
2011;44,62290503
2012;40,76086957
2013;44,38939696
2014;47,10763224
2015;48,36915275
2005;43,9
2006;47,1
2007;45,1
2008;42,3670669
2009;46,9924812
2010;48,35858586
2011;43,35154827
2012;49,32038835
2013;46,9440014
2014;46,43711194
2015;46,27790642
2005;48,4
2006;49,5
2007;48
2008;46,79487179
2009;45,40983607
2010;50,11574074
2011;46,36785162
2012;45,37931034
2013;42,45218162
2014;48,31864983
2015;48,20515289
2005;48,4
2006;47,3
2007;46
2008;45,26476578
2009;43,45922277
2010;46,5184105
2011;44,17525773
2012;43,30835118
2013;46,37674782
2014;47,24916784
2015;45,82834905
2005;48,3
2006;48,4
2007;47,7
2008;42,7961165
2009;43,78551136
2010;47,95162883
2011;43,24894515
2012;45,94202899
2013;45,25344153
2014;46,15244025
2015;50,253744
2005;52,4
2006;52,2
2007;49,8
2008;49,08376963
2009;51,66002656
2010;47,25848564
2011;49,64370546
2012;51,56054931
2013;53,33155317
2014;50,79474029
2015;41,58635637
2005;57,4
2006;52,2
2007;53,6
2008;55,40647198
2009;55,66583954
2010;51,10526316
2011;54,12710007
2012;51,87914517
2013;51,16051762
2014;55,78997737
2015;51,9828449
2005;53,7
2006;49,8
2007;51,1
2008;50,11086475
2009;50,53763441
2010;47,14714715
2011;51,98135198
2012;52,10084034
2013;52,65341326
2014;51,78234315
2015;57,60433374
2005;51,6
2006;50,3
2007;52,6
2008;61,89473684
2009;59,5505618
2010;57,38831615
2011;56,61764706
2012;53,10077519
2013;51,38663428
2014;56,58902695
2015;55,87665803
2005;50,7
2006;52,2
2007;51,8
2008;60,1754386
2009;56,72727273
2010;51,91815857
2011;54,25531915
2012;52,70479134
2013;53,87207377
2014;55,02291783
2015;55,9169737
2005;52,6
2006;53
2007;53,8
2008;56,25517813
2009;56,43642072
2010;53,39753879
2011;58,80062305
2012;58,06451613
2013;56,13096915
2014;51,47871505
2015;54,87929338
2005;52,7
2006;55,4
2007;57,4
2008;55,20082389
2009;54,8553719
2010;53,02066773
2011;55,15789474
2012;57,31822474
2013;57,17133552
2014;57,11264756
2015;59,37674569
2005;54,4
2006;53,4
2007;54,4
2008;54,5691906
2009;61,38107417
2010;55,09803922
2011;58,88594164
2012;53,86363636
2013;58,08105074
2014;56,20556332
2015;56,67743619
2005;
2006;
2007;
2008;
2009;
2010;
2011;
2012;
2013;
2014;
2015;
2005;49,7
2006;49,1
2007;49,8
2008;53,00546448
2009;48,70466321
2010;47,48062016
2011;49,41860465
2012;49,00849858
2013;48,60256298
2014;43,8090085
2015;44,60109166
2005;55,9
2006;51,4
2007;54,2
2008;55,23156089
2009;54,66666667
2010;50,88607595
2011;57,82312925
2012;52,82714055
2013;56,15095882
2014;55,62218056
2015;57,77601779
2005;54,2
2006;56
2007;54,7
2008;57,01571672
2009;51,72020528
2010;48,82739794
2011;53,16390926
2012;55,25498891
2013;52,13222997
2014;52,79330237
2015;53,69769403
2005;47,6
2006;51,3
2007;52,6
2008;56,14478114
2009;53,48162476
2010;53,96716826
2011;56,11374408
2012;57,34200743
2013;58,41070213
2014;58,01056386
2015;58,41871081
2005;
2006;
2007;
2008;
2009;
2010;56
2011;
2012;
2013;
2014;
2015;
2005;50,8
2006;49,4
2007;52,6
2008;57,34966592
2009;49,66592428
2010;48,38461538
2011;55,76036866
2012;53,91211147
2013;52,24235911
2014;50,45483536
2015;53,63991092
2005;52,6
2006;52,4
2007;49,9
2008;52,01432408
2009;53,97096499
2010;50,38257799
2011;54,13290113
2012;51,33735979
2013;50,42601319
2014;50,27274445
2015;52,63167011
2005;55,2
2006;53,5
2007;57,3
2008;55,91032609
2009;56,13915416
2010;50,31055901
2011;52,38424326
2012;55,43097407
2013;54,92692785
2014;54,0491852
2015;55,21528259
2005;51,1
2006;49,5
2007;51,6
2008;53,21100917
2009;55,34324133
2010;51,90588235
2011;55,37709497
2012;59,23913043
2013;55,61060304
2014;52,89236776
2015;51,63084725
2005;56,1
2006;52,9
2007;54,9
2008;57,6329331
2009;53,0075188
2010;51,64141414
2011;56,64845173
2012;50,67961165
2013;53,0559986
2014;53,56288806
2015;53,72209358
2005;51,8
2006;50,5
2007;52,1
2008;53,20512821
2009;54,59016393
2010;49,88425926
2011;53,63214838
2012;54,62068966
2013;57,54781838
2014;51,68135017
2015;51,79484711
2005;51,6
2006;52,7
2007;54
2008;54,73523422
2009;56,54077723
2010;53,4815895
2011;55,82474227
2012;56,69164882
2013;53,62325218
2014;52,75083216
2015;54,17165095
2005;51,7
2006;51,6
2007;52,2
2008;57,2038835
2009;56,21448864
2010;52,04837117
2011;56,75105485
2012;54,05797101
2013;54,74655847
2014;53,84755975
2015;49,746256
2005;31,1
2006;29,8
2007;31,7
2008;31,54450262
2009;33,99734396
2010;26,63185379
2011;18,17102138
2012;21,72284644
2013;22,08022143
2014;21,24715803
2015;18,3047798
2005;21,3
2006;20,9
2007;25,2
2008;25,33543804
2009;25,22746071
2010;20,73684211
2011;15,70489408
2012;19,60206338
2013;19,54302466
2014;16,75900015
2015;16,89229667
2005;24,3
2006;22,1
2007;26,9
2008;31,92904656
2009;29,24731183
2010;24,92492492
2011;17,94871795
2012;24,3697479
2013;20,15481799
2014;22,76331556
2015;19,60884405
2005;25,1
2006;23,1
2007;31,7
2008;30,52631579
2009;28,31460674
2010;22,16494845
2011;18,87254902
2012;23,8372093
2013;21,78825528
2014;22,73953665
2015;22,15879311
2005;27,5
2006;27,8
2007;29,9
2008;32,98245614
2009;29,09090909
2010;26,59846547
2011;17,73049645
2012;22,7202473
2013;21,69002271
2014;16,70585161
2015;18,13237131
2005;31
2006;27,2
2007;30,4
2008;31,89726595
2009;32,02511774
2010;24,98662386
2011;18,92523364
2012;23,15412186
2013;23,39905221
2014;19,87312569
2015;18,29100673
2005;26,9
2006;25,2
2007;28,8
2008;29,76313079
2009;29,23553719
2010;28,06041335
2011;20,52631579
2012;21,71860246
2013;21,32757202
2014;18,04265736
2015;19,48112505
2005;29,1
2006;27
2007;29,9
2008;26,10966057
2009;31,45780051
2010;23,33333333
2011;22,28116711
2012;29,09090909
2013;21,75648358
2014;26,03172716
2015;26,6626753
2005;
2006;
2007;
2008;
2009;
2010;
2011;
2012;
2013;
2014;
2015;
2005;29,6
2006;29,9
2007;29,7
2008;33,06010929
2009;25,64766839
2010;26,9379845
2011;20,93023256
2012;27,76203966
2013;21,23457314
2014;19,54351205
2015;18,72654634
2005;24,6
2006;23,8
2007;30,8
2008;29,84562607
2009;29
2010;23,41772152
2011;19,3877551
2012;29,40226171
2013;25,07187357
2014;27,14028465
2015;27,58156228
2005;19,4
2006;23,7
2007;30,9
2008;30,73281575
2009;29,11993918
2010;24,97828515
2011;17,00494627
2012;23,3481153
2013;18,13742095
2014;15,29810794
2015;17,01528858
2005;16,8
2006;18,4
2007;21,8
2008;22,47474747
2009;25,72533849
2010;20,7250342
2011;13,83886256
2012;22,58364312
2013;21,65335318
2014;20,9140169
2015;19,32234107
2005;
2006;
2007;
2008;
2009;
2010;21
2011;
2012;
2013;
2014;
2015;
2005;25,2
2006;25,3
2007;28,6
2008;27,72828508
2009;35,30066815
2010;30,15384615
2011;17,74193548
2012;25,72347267
2013;20,36135722
2014;20,93133698
2015;20,97479178
2005;26
2006;22,4
2007;26,7
2008;28,64816473
2009;29,54739539
2010;24,42613302
2011;17,99027553
2012;21,57031924
2013;20,58057317
2014;19,29112423
2015;20,69180383
2005;30,6
2006;28,7
2007;32,2
2008;27,85326087
2009;31,03683492
2010;27,23363593
2011;17,55355909
2012;27,54029432
2013;24,01449511
2014;23,95452356
2015;25,25962515
2005;28,9
2006;28,8
2007;31,7
2008;34,29781228
2009;34,67799009
2010;27,29411765
2011;19,55307263
2012;22,48641304
2013;24,7908654
2014;23,25120911
2015;22,40578479
2005;26
2006;24,7
2007;31,1
2008;27,44425386
2009;27,81954887
2010;25,75757576
2011;19,30783242
2012;25,82524272
2013;26,8877533
2014;26,66202446
2015;25,26871509
2005;24,1
2006;21,2
2007;25,7
2008;27,24358974
2009;29,83606557
2010;19,90740741
2011;18,39258114
2012;19,72413793
2013;18,64589965
2014;20,02820939
2015;20,07480602
2005;17,3
2006;18
2007;21
2008;20,46843177
2009;22,27695676
2010;20,59788553
2011;13,91752577
2012;19,3254818
2013;17,84449783
2014;16,26830541
2015;15,94958659
2005;26,6
2006;22,8
2007;29,3
2008;31,65048544
2009;31,35653409
2010;23,54392892
2011;18,74120956
2012;21,5942029
2013;20,37717966
2014;19,77595328
2015;18,69096155
2005;20,3
2006;18,6
2007;19,2
2008;19,37172775
2009;18,99070385
2010;18,45082681
2011;21,6152019
2012;20,2247191
2013;17,83418103
2014;14,05142125
2015;17,84138823
2005;17,1
2006;16
2007;14,6
2008;16,96921863
2009;16,54259719
2010;15,78947368
2011;15,99707816
2012;14,95946942
2013;14,399822
2014;12,85562553
2015;12,37040969
2005;20,5
2006;19,3
2007;15,7
2008;16,85144124
2009;16,55913978
2010;14,71471471
2011;17,71561772
2012;15,12605042
2013;13,35780709
2014;14,687052
2015;14,45292248
2005;16,1
2006;20,3
2007;15,4
2008;21,05263158
2009;22,69662921
2010;22,16494845
2011;22,30392157
2012;19,18604651
2013;19,94454063
2014;12,70223507
2015;14,3685441
2005;22,4
2006;19,1
2007;15,5
2008;17,71929825
2009;17,27272727
2010;18,54219949
2011;17,55319149
2012;13,60123648
2013;12,43914727
2014;14,8061305
2015;15,42050145
2005;17,5
2006;17,9
2007;15,6
2008;17,89560895
2009;19,1522763
2010;18,56607812
2011;20,17133956
2012;17,6344086
2013;16,8887966
2014;15,20611273
2015;14,10941639
2005;18
2006;16,6
2007;16,3
2008;19,05252317
2009;20,1446281
2010;18,12400636
2011;18,84210526
2012;18,31916903
2013;14,33951969
2014;14,83757856
2015;13,28112045
2005;19,6
2006;20,1
2007;18,1
2008;19,58224543
2009;17,64705882
2010;18,62745098
2011;18,56763926
2012;13,86363636
2013;15,56587142
2014;16,51371084
2015;13,81504915
2005;
2006;
2007;
2008;
2009;
2010;
2011;
2012;
2013;
2014;
2015;
2005;16,9
2006;15,8
2007;17,6
2008;21,03825137
2009;22,5388601
2010;16,66666667
2011;17,15116279
2012;19,54674221
2013;11,86212186
2014;14,27801372
2015;11,12944929
2005;18,9
2006;22,2
2007;16,4
2008;16,80960549
2009;19,16666667
2010;20,50632911
2011;18,53741497
2012;15,67043619
2013;15,38043008
2014;11,62296308
2015;12,34936703
2005;20,9
2006;21,2
2007;20,8
2008;18,87900019
2009;21,782931
2010;20,77180792
2011;21,55892888
2012;20,64301552
2013;20,71545008
2014;20,41829399
2015;20,9605079
2005;15,3
2006;14,1
2007;15,8
2008;18,51851852
2009;15,37717602
2010;14,91108071
2011;16,58767773
2012;12,82527881
2013;14,75509683
2014;13,17613944
2015;15,17230965
2005;
2006;
2007;
2008;
2009;
2010;20,33333333
2011;
2012;
2013;
2014;
2015;
2005;22,8
2006;19,3
2007;20,1
2008;22,3830735
2009;18,26280624
2010;19,76923077
2011;22,58064516
2012;18,43515541
2013;17,68903451
2014;15,01978389
2015;16,87685212
2005;15,9
2006;16,2
2007;16,5
2008;21,03849597
2009;20,32450897
2010;19,83519717
2011;20,42139384
2012;19,41328732
2013;18,90774464
2014;19,15945339
2015;16,15232624
2005;20,1
2006;20,3
2007;18,7
2008;21,33152174
2009;18,07639836
2010;18,10797898
2011;19,6959226
2012;18,57042747
2013;18,03089264
2014;16,08396465
2015;17,69278702
2005;17,8
2006;15,5
2007;18,5
2008;19,68948483
2009;19,74522293
2010;19,38823529
2011;21,01955307
2012;22,07880435
2013;19,16955049
2014;19,03018011
2015;17,67277659
2005;17,3
2006;19
2007;16,6
2008;20,41166381
2009;18,98496241
2010;18,56060606
2011;20,4007286
2012;18,6407767
2013;13,77327615
2014;16,3454508
2015;16,323569
2005;12,6
2006;17,9
2007;18
2008;16,98717949
2009;14,75409836
2010;17,70833333
2011;17,77434312
2012;15,17241379
2013;14,7344719
2014;10,80430726
2015;14,29902907
2005;16,9
2006;17
2007;15,3
2008;18,22810591
2009;14,8877942
2010;15,20233321
2011;16,44329897
2012;14,34689507
2013;13,45824335
2014;14,71223437
2015;13,58949867
2005;19,7
2006;20,6
2007;19
2008;19,14563107
2009;19,49573864
2010;20,33563672
2011;22,15189873
2012;19,63768116
2013;17,67815741
2014;16,9205314
2015;16,13468593
2005;23,3
2006;26,1
2007;25,8
2008;26,83246073
2009;23,10756972
2010;30,54830287
2011;30,04750594
2012;31,96004994
2013;27,35347666
2014;28,35097401
2015;26,35537009
2005;30,4
2006;28,4
2007;28,1
2008;25,01973165
2009;26,88172043
2010;27,73684211
2011;25,05478451
2012;29,91893884
2013;28,11988482
2014;26,96779327
2015;28,25040771
2005;27,3
2006;25,8
2007;31,7
2008;26,16407982
2009;27,31182796
2010;32,43243243
2011;31,23543124
2012;32,98319328
2013;26,03082973
2014;22,219375
2015;23,86781898
2005;24,9
2006;22,5
2007;27,5
2008;24
2009;28,53932584
2010;27,49140893
2011;26,47058824
2012;27,71317829
2013;23,41390016
2014;22,04327785
2015;24,62780759
2005;23,4
2006;27,4
2007;28,8
2008;24,38596491
2009;26,36363636
2010;25,95907928
2011;28,54609929
2012;28,28438949
2013;25,80162685
2014;27,75430004
2015;23,14233912
2005;24,4
2006;24,8
2007;26,6
2008;25,26926263
2009;24,33281005
2010;29,53451043
2011;29,12772586
2012;31,7562724
2013;27,15431531
2014;27,06909426
2015;24,92727851
2005;25,8
2006;26,8
2007;25,7
2008;26,77651905
2009;24,48347107
2010;25,59618442
2011;29,15789474
2012;28,98961284
2013;30,13176781
2014;28,56227689
2015;26,40465466
2005;28,4
2006;25,2
2007;31,8
2008;25,32637076
2009;25,83120205
2010;29,60784314
2011;27,5862069
2012;34,09090909
2013;33,76725484
2014;25,25477971
2015;22,4458383
2005;
2006;
2007;
2008;
2009;
2010;
2011;
2012;
2013;
2014;
2015;
2005;28,2
2006;30
2007;30
2008;24,59016393
2009;26,68393782
2010;27,13178295
2011;26,74418605
2012;29,74504249
2013;28,00986651
2014;29,92085444
2015;33,30937467
2005;30,2
2006;25,4
2007;29
2008;29,5025729
2009;27,83333333
2010;29,11392405
2011;29,25170068
2012;24,23263328
2013;22,95015921
2014;21,8372602
2015;22,51951327
2005;24,3
2006;25,1
2007;19,8
2008;22,74190494
2009;22,98042197
2010;25,32572279
2011;25,58417193
2012;26,16407982
2013;26,2615698
2014;24,36657363
2015;25,04482404
2005;30,4
2006;29,2
2007;28,7
2008;23,90572391
2009;24,9516441
2010;27,49658003
2011;27,01421801
2012;28,0669145
2013;24,84480322
2014;21,81057302
2015;22,49776692
2005;
2006;
2007;
2008;
2009;
2010;26,66666667
2011;
2012;
2013;
2014;
2015;
2005;25,6
2006;27,4
2007;27,9
2008;28,17371938
2009;25,50111359
2010;26,46153846
2011;31,33640553
2012;29,15326902
2013;31,24405291
2014;26,91365358
2015;29,66994858
2005;29,6
2006;30,7
2007;28,3
2008;26,76812892
2009;27,32707088
2010;29,01706886
2011;27,39059968
2012;28,4728214
2013;26,34884815
2014;27,63380097
2015;25,44310606
2005;26,1
2006;26,5
2007;26,7
2008;24,25271739
2009;26,19372442
2010;29,19254658
2011;29,23289565
2012;26,06867554
2013;25,58915265
2014;24,97679414
2015;22,05441341
2005;22,5
2006;24,3
2007;26,4
2008;24,20606916
2009;21,65605096
2010;27,34117647
2011;26,88547486
2012;27,7173913
2013;25,50702601
2014;22,21756753
2015;24,43977533
2005;28,2
2006;25,2
2007;27,7
2008;26,58662093
2009;27,81954887
2010;28,03030303
2011;27,14025501
2012;27,76699029
2013;27,01089737
2014;22,65883761
2015;24,64008738
2005;27,2
2006;25,6
2007;26,4
2008;22,91666667
2009;24,42622951
2010;28,93518519
2011;27,82071097
2012;29,51724138
2013;23,20833086
2014;22,19217116
2015;18,84289345
2005;30,6
2006;28,8
2007;29,1
2008;27,44399185
2009;30,48713738
2010;28,39956252
2011;27,73195876
2012;29,49678801
2013;26,11499192
2014;24,53511238
2015;25,45107315
2005;25,8
2006;27,7
2007;26,3
2008;23,41747573
2009;25,88778409
2010;28,99802567
2011;27,46132208
2012;28,36956522
2013;26,26550527
2014;26,31826802
2015;26,67900037
2005;25,1
2006;25,5
2007;23,6
2008;22,2513089
2009;23,90438247
2010;24,36901654
2011;30,16627078
2012;26,09238452
2013;32,73212087
2014;36,35044671
2015;37,49846189
2005;31,2
2006;34,6
2007;32
2008;32,67561168
2009;31,34822167
2010;35,73684211
2011;43,24324324
2012;35,51952837
2013;37,93726852
2014;43,41758105
2015;42,48688593
2005;28,1
2006;32,8
2007;25,9
2008;25,05543237
2009;26,88172043
2010;27,92792793
2011;33,1002331
2012;27,5210084
2013;40,45654518
2014;40,33025744
2015;42,07041449
2005;33,3
2006;34
2007;25,8
2008;24,42105263
2009;20,4494382
2010;28,17869416
2011;32,35294118
2012;29,26356589
2013;34,85330394
2014;42,51495043
2015;38,8448552
2005;26,9
2006;25,7
2007;25,6
2008;24,9122807
2009;27,27272727
2010;28,90025575
2011;36,17021277
2012;35,39412674
2013;40,06920318
2014;40,73371784
2015;43,30478812
2005;27,2
2006;30,1
2007;27,5
2008;24,93786247
2009;24,48979592
2010;26,91278759
2011;31,77570093
2012;27,45519713
2013;32,55783588
2014;37,85166732
2015;42,67229836
2005;29,7
2006;31,3
2007;29
2008;24,40782698
2009;26,13636364
2010;28,21939587
2011;31,47368421
2012;30,97261568
2013;34,20114048
2014;38,55748719
2015;40,83309984
2005;22,9
2006;27,7
2007;20,4
2008;28,98172324
2009;25,06393862
2010;28,43137255
2011;31,56498674
2012;22,95454545
2013;28,91039016
2014;32,19978229
2015;37,07643725
2005;
2006;
2007;
2008;
2009;
2010;
2011;
2012;
2013;
2014;
2015;
2005;25,6
2006;24,2
2007;22,7
2008;21,31147541
2009;25,12953368
2010;29,26356589
2011;35,1744186
2012;22,94617564
2013;38,89343849
2014;36,25761979
2015;36,8346297
2005;26,5
2006;28,7
2007;23,9
2008;23,84219554
2009;24
2010;26,96202532
2011;32,82312925
2012;30,69466882
2013;36,59753715
2014;39,39949207
2015;37,54955742
2005;35,4
2006;30
2007;28,5
2008;27,64627911
2009;26,11670785
2010;28,92418414
2011;35,85195293
2012;29,84478936
2013;34,88555916
2014;39,91702445
2015;36,97937948
2005;37,3
2006;38,2
2007;33,6
2008;35,1010101
2009;33,94584139
2010;36,86730506
2011;42,55924171
2012;36,52416357
2013;38,74674677
2014;44,09927064
2015;43,00758236
2005;
2006;
2007;
2008;
2009;
2010;32
2011;
2012;
2013;
2014;
2015;
2005;26,4
2006;28
2007;23,1
2008;21,71492205
2009;20,93541203
2010;23,61538462
2011;28,34101382
2012;26,68810289
2013;30,70555535
2014;37,13522555
2015;32,47840752
2005;28,7
2006;30,6
2007;28,7
2008;23,54521038
2009;22,80102477
2010;26,72160094
2011;34,19773096
2012;30,54357204
2013;34,16283405
2014;33,91562141
2015;37,71276387
2005;23
2006;24,5
2007;22,5
2008;26,5625
2009;24,69304229
2010;25,46583851
2011;33,51762267
2012;27,82060266
2013;32,3654596
2014;34,98471765
2015;34,99317442
2005;30,6
2006;31,4
2007;23,7
2008;21,80663373
2009;23,92073602
2010;25,97647059
2011;32,54189944
2012;27,7173913
2013;30,5325581
2014;35,50104325
2015;35,48166328
2005;28
2006;31
2007;24,8
2008;25,55746141
2009;25,37593985
2010;27,65151515
2011;33,15118397
2012;27,76699029
2013;32,32807318
2014;34,33368713
2015;33,76762853
2005;36,3
2006;35,3
2007;29,8
2008;32,8525641
2009;30,98360656
2010;33,44907407
2011;36,01236476
2012;35,5862069
2013;43,41129758
2014;46,97531219
2015;46,78327146
2005;35,2
2006;36,2
2007;34,6
2008;33,85947047
2009;32,34811166
2010;35,80021874
2011;41,90721649
2012;36,83083512
2013;42,5822669
2014;44,48434784
2015;45,00984159
2005;27,9
2006;29
2007;25,4
2008;25,78640777
2009;23,25994318
2010;27,12240869
2011;31,64556962
2012;30,39855072
2013;35,67915766
2014;36,9852473
2015;38,49535215
2005;26,4
2006;25,8
2007;25,9
2008;23,69109948
2009;27,22443559
2010;26,02262837
2011;37,05463183
2012;28,33957553
2013;28,32203533
2014;28,89553301
2015;28,99119211
2005;24,3
2006;25,2
2007;29,4
2008;25,01973165
2009;25,97187758
2010;24,10526316
2011;27,02702703
2012;24,90788504
2013;27,25967758
2014;25,34478935
2015;28,27479723
2005;25,3
2006;23
2007;28,6
2008;29,93348115
2009;26,66666667
2010;27,77777778
2011;29,37062937
2012;26,68067227
2013;24,9209117
2014;28,10069356
2015;30,24085492
2005;26,6
2006;24,8
2007;27,8
2008;26,52631579
2009;24,71910112
2010;19,75945017
2011;23,52941176
2012;24,41860465
2013;26,19770589
2014;21,81796799
2015;24,87494194
2005;25,5
2006;23,7
2007;26,1
2008;25,43859649
2009;28,54545455
2010;22,76214834
2011;28,90070922
2012;28,28438949
2013;23,11011664
2014;25,2003013
2015;25,97940917
2005;20,6
2006;26,3
2007;28,4
2008;26,67771334
2009;24,72527473
2010;24,50508293
2011;28,894081
2012;25,59139785
2013;23,64792734
2014;26,11262067
2015;25,34383544
2005;19,1
2006;26,1
2007;28,2
2008;28,52729145
2009;25
2010;26,94753577
2011;30,63157895
2012;26,25118036
2013;29,20737902
2014;26,58395416
2015;28,50608495
2005;27,9
2006;29,1
2007;31
2008;24,80417755
2009;23,52941176
2010;24,90196078
2011;25,99469496
2012;29,77272727
2013;24,79815846
2014;23,51558647
2015;23,60411066
2005;
2006;
2007;
2008;
2009;
2010;
2011;
2012;
2013;
2014;
2015;
2005;22,4
2006;24
2007;25,4
2008;25,13661202
2009;24,61139896
2010;24,2248062
2011;29,06976744
2012;24,36260623
2013;24,78431489
2014;22,65307345
2015;22,99605357
2005;28,3
2006;23,9
2007;28,3
2008;26,9296741
2009;30,83333333
2010;24,81012658
2011;25,68027211
2012;25,04038772
2013;25,71009119
2014;23,33741175
2015;21,32336342
2005;39,5
2006;36,2
2007;32,2
2008;36,94376065
2009;38,75689033
2010;37,7342102
2011;41,83864916
2012;40,17738359
2013;42,14488881
2014;42,95462277
2015;42,42999239
2005;23,1
2006;24,9
2007;29,4
2008;26,26262626
2009;23,98452611
2010;25,44459644
2011;27,96208531
2012;26,95167286
2013;24,97674386
2014;27,27947869
2015;25,36673289
2005;
2006;
2007;
2008;
2009;
2010;20,66666667
2011;
2012;
2013;
2014;
2015;
2005;21,9
2006;23,8
2007;28,8
2008;25,38975501
2009;27,1714922
2010;21,07692308
2011;27,30414747
2012;24,65166131
2013;26,49506903
2014;27,89516474
2015;28,25565154
2005;28,4
2006;28
2007;31,4
2008;29,18531782
2009;29,80358668
2010;28,13419659
2011;30,71312804
2012;31,8377912
2013;32,12301495
2014;35,09541432
2015;33,30971863
2005;26,3
2006;24,9
2007;24,8
2008;25,4076087
2009;25,579809
2010;24,3191591
2011;29,30200415
2012;25,50805886
2013;27,20014726
2014;26,74859592
2015;25,89830469
2005;21,8
2006;22,9
2007;26,8
2008;24,34721242
2009;25,76079264
2010;20,70588235
2011;23,25418994
2012;25,67934783
2013;25,26592482
2014;23,90557482
2015;25,62259694
2005;25,3
2006;24,8
2007;28
2008;28,81646655
2009;27,44360902
2010;25,63131313
2011;33,15118397
2012;29,32038835
2013;28,03245854
2014;28,31027392
2015;32,23551957
2005;22,3
2006;21,2
2007;22,4
2008;25,16025641
2009;25,73770492
2010;22,10648148
2011;22,56568779
2012;22,75862069
2013;25,04297121
2014;25,14719428
2015;24,02320678
2005;29
2006;28,9
2007;31,2
2008;30,0407332
2009;30,10399562
2010;25,15493985
2011;31,59793814
2012;30,29978587
2013;28,64379128
2014;30,25452917
2015;29,79959715
2005;25,7
2006;28,6
2007;30
2008;28,77669903
2009;29,26136364
2010;27,98617966
2011;31,50492264
2012;29,56521739
2013;29,91745689
2014;30,15007655
2015;29,24537503
2005;30,9
2006;32
2007;33,6
2008;33,37696335
2009;31,73970784
2010;34,46475196
2011;31,47268409
2012;33,70786517
2013;31,6816439
2014;32,7443828
2015;32,84980448
2005;27,1
2006;28,8
2007;27,9
2008;28,25572218
2009;27,95698925
2010;30,78947368
2011;28,70708546
2012;28,07663965
2013;28,79182647
2014;27,72452463
2015;28,93474581
2005;28,6
2006;27,4
2007;28,2
2008;26,38580931
2009;31,1827957
2010;31,38138138
2011;33,56643357
2012;32,98319328
2013;27,18142452
2014;25,21237939
2015;23,0441004
2005;25,6
2006;26,9
2007;28,5
2008;27,15789474
2009;34,38202247
2010;36,59793814
2011;33,33333333
2012;31,20155039
2013;32,03079494
2014;33,42665325
2015;29,0326674
2005;28,1
2006;31,1
2007;30,2
2008;31,05263158
2009;30
2010;35,03836317
2011;34,75177305
2012;27,66615147
2013;32,35614604
2014;30,10559356
2015;28,50857832
2005;27,4
2006;26,8
2007;26,9
2008;27,75476388
2009;28,64992151
2010;34,67094703
2011;33,48909657
2012;31,46953405
2013;29,39093895
2014;26,67925726
2015;28,10044439
2005;30,6
2006;28,6
2007;31
2008;28,42430484
2009;28,51239669
2010;32,59141494
2011;34,94736842
2012;33,89990557
2013;30,80470619
2014;31,04313544
2015;28,38951532
2005;32,5
2006;28,1
2007;27,3
2008;31,8537859
2009;30,43478261
2010;32,35294118
2011;32,09549072
2012;29,77272727
2013;37,07108844
2014;31,5424999
2015;30,60396588
2005;
2006;
2007;
2008;
2009;
2010;
2011;
2012;
2013;
2014;
2015;
2005;32,8
2006;32,4
2007;32
2008;25,40983607
2009;29,2746114
2010;29,06976744
2011;26,45348837
2012;31,16147309
2013;33,92845983
2014;36,04417014
2015;31,23243809
2005;28,3
2006;35,1
2007;27,9
2008;28,13036021
2009;30,5
2010;31,64556962
2011;29,25170068
2012;27,14054927
2013;31,13038597
2014;26,48546485
2015;29,73760175
2005;27
2006;27,8
2007;27,3
2008;24,04847567
2009;24,3109675
2010;24,38267775
2011;24,25379499
2012;22,54988914
2013;22,10668662
2014;22,14955822
2015;22,81416465
2005;25,8
2006;26,1
2007;27,5
2008;28,36700337
2009;26,11218569
2010;28,04377565
2011;27,67772512
2012;22,76951673
2013;26,69083873
2014;23,85118157
2015;26,05368742
2005;
2006;
2007;
2008;
2009;
2010;40,66666667
2011;
2012;
2013;
2014;
2015;
2005;36,1
2006;32,9
2007;32,1
2008;33,18485523
2009;30,95768374
2010;33,07692308
2011;36,40552995
2012;30,33226152
2013;33,25406148
2014;29,63144021
2015;34,72402196
2005;29,2
2006;27,7
2007;25,3
2008;28,55863921
2009;27,24167378
2010;30,0765156
2011;31,9286872
2012;28,04141501
2013;25,54290537
2014;24,6716645
2015;23,1473886
2005;28,7
2006;28,3
2007;29
2008;28,26086957
2009;28,78581173
2010;31,15145724
2011;29,64754665
2012;28,03083392
2013;27,90334187
2014;26,90590074
2015;25,42821709
2005;28,4
2006;29,2
2007;28,9
2008;30,20465773
2009;29,72399151
2010;37,41176471
2011;36,24301676
2012;34,51086957
2013;30,2320584
2014;32,92074863
2015;32,71327786
2005;27,5
2006;30,1
2007;29,4
2008;28,98799314
2009;34,39849624
2010;34,5959596
2011;30,96539162
2012;26,01941748
2013;24,02783408
2014;25,61125301
2015;25,49718184
2005;28,4
2006;29,3
2007;32,1
2008;23,55769231
2009;24,59016393
2010;32,75462963
2011;34,77588872
2012;31,17241379
2013;28,00517991
2014;26,27187709
2015;24,62719084
2005;28,9
2006;28,5
2007;26,9
2008;29,27698574
2009;27,20306513
2010;30,8056872
2011;26,95876289
2012;26,28479657
2013;25,24338813
2014;24,51451763
2015;25,53004881
2005;31
2006;29,8
2007;30,4
2008;29,78640777
2009;30,89488636
2010;31,61401777
2011;31,64556962
2012;30,50724638
2013;28,95814469
2014;29,95892002
2015;29,03554687
2005;21,7
2006;19,6
2007;19,7
2008;18,97905759
2009;18,06108898
2010;14,53437772
2011;10,33254157
2012;12,7340824
2013;12,27075089
2014;10,80834928
2015;9,513836045
2005;16,9
2006;16,1
2007;17,4
2008;16,81136543
2009;16,12903226
2010;12,26315789
2011;9,861212564
2012;13,48563007
2013;12,28361067
2014;9,247473198
2015;10,1320561
2005;18,7
2006;15,7
2007;19
2008;22,172949
2009;17,20430108
2010;14,11411411
2011;10,02331002
2012;13,65546218
2013;13,00029482
2014;11,10272053
2015;13,38437649
2005;19,7
2006;17,9
2007;21,6
2008;20
2009;20,4494382
2010;12,02749141
2011;10,29411765
2012;14,34108527
2013;12,91092998
2014;10,38326855
2015;14,04814337
2005;19
2006;20,7
2007;20,4
2008;22,45614035
2009;19,81818182
2010;15,60102302
2011;8,865248227
2012;13,60123648
2013;11,77314692
2014;8,326485192
2015;10,57170263
2005;22,4
2006;20,6
2007;21,5
2008;21,62386081
2009;21,5855573
2010;12,03852327
2011;9,267912773
2012;14,91039427
2013;15,62288408
2014;13,26932714
2015;11,07240635
2005;20
2006;17,8
2007;19,6
2008;20,49433574
2009;20,04132231
2010;13,11605723
2011;10,21052632
2012;13,22001889
2013;11,82464418
2014;10,66377132
2015;9,747438482
2005;22,4
2006;19,3
2007;22,6
2008;16,71018277
2009;18,9258312
2010;10,19607843
2011;11,67108753
2012;18,86363636
2013;11,73682033
2014;15,95233348
2015;15,00645366
2005;
2006;
2007;
2008;
2009;
2010;
2011;
2012;
2013;
2014;
2015;
2005;22,1
2006;20,9
2007;21,2
2008;21,8579235
2009;17,61658031
2010;16,86046512
2011;12,5
2012;15,01416431
2013;11,11192185
2014;11,86460203
2015;11,17911948
2005;19,4
2006;17
2007;21,4
2008;18,69639794
2009;14
2010;14,6835443
2011;11,9047619
2012;19,38610662
2013;14,98171827
2014;15,54696109
2015;16,09880792
2005;12,5
2006;15,3
2007;19,6
2008;19,84472638
2009;16,42273332
2010;14,15808413
2011;9,193245779
2012;15,14412417
2013;10,97686906
2014;9,062973237
2015;9,751190546
2005;12,8
2006;13,7
2007;15,5
2008;15,15151515
2009;16,344294
2010;11,96990424
2011;7,867298578
2012;15,5204461
2013;14,74527612
2014;12,13579044
2015;12,7509182
2005;
2006;
2007;
2008;
2009;
2010;9,333333333
2011;
2012;
2013;
2014;
2015;
2005;16,6
2006;18,6
2007;17,8
2008;20,26726058
2009;23,27394209
2010;19,69230769
2011;9,907834101
2012;16,18435155
2013;12,62532175
2014;12,48393895
2015;11,45029812
2005;19,8
2006;17
2007;18,7
2008;20,14324082
2009;18,36037575
2010;15,12654503
2011;9,724473258
2012;13,80500431
2013;13,51361973
2014;11,01763114
2015;12,28308432
2005;22,6
2006;21,3
2007;23,6
2008;18,75
2009;18,89495225
2010;15,86239847
2011;10,22805805
2012;16,88857744
2013;16,16850852
2014;13,66017371
2015;14,72094995
2005;22
2006;18,9
2007;22,7
2008;22,86520819
2009;19,60368011
2010;13,6
2011;10,26536313
2012;13,79076087
2013;16,60932879
2014;12,75486951
2015;14,38303079
2005;17,5
2006;17,4
2007;21,3
2008;17,49571184
2009;16,16541353
2010;12,37373737
2011;8,196721311
2012;16,50485437
2013;18,19647448
2014;13,13314345
2015;14,49299387
2005;17,5
2006;15,1
2007;17,6
2008;19,87179487
2009;18,36065574
2010;10,41666667
2011;8,809891808
2012;11,44827586
2013;11,41230288
2014;11,84494626
2015;13,71670722
2005;11,8
2006;12,7
2007;14,9
2008;13,18737271
2009;12,91735085
2010;11,30149471
2011;8,762886598
2012;12,63383298
2013;11,06213711
2014;9,053351409
2015;9,573878305
2005;18,5
2006;16
2007;19,8
2008;19,68932039
2009;17,93323864
2010;13,32675222
2011;9,915611814
2012;12,86231884
2013;12,36199124
2014;11,05623445
2015;10,80551534
2005;21
2006;22,6
2007;20,9
2008;23,95287958
2009;22,9747676
2010;24,97824195
2011;21,14014252
2012;25,2184769
2013;27,72556988
2014;27,55173491
2015;28,64516736
2005;31,6
2006;29,8
2007;25,3
2008;29,91318074
2009;29,94210091
2010;32,84210526
2011;34,40467495
2012;33,52984525
2013;31,66488528
2014;37,68321282
2015;32,65840086
2005;27,1
2006;34
2007;24,2
2008;21,50776053
2009;24,94623656
2010;26,72672673
2011;27,03962704
2012;26,68067227
2013;34,89736897
2014;35,58420652
2015;33,33066818
2005;28,1
2006;30,4
2007;22,5
2008;26,31578947
2009;20,4494382
2010;31,61512027
2011;32,84313725
2012;30,03875969
2013;28,86056919
2014;34,3721102
2015;32,0442473
2005;27,1
2006;24,6
2007;23,4
2008;21,05263158
2009;21,63636364
2010;26,59846547
2011;27,4822695
2012;30,44822257
2013;32,7605904
2014;36,36761995
2015;34,94030988
2005;29,6
2006;26,3
2007;23,2
2008;23,94366197
2009;25,03924647
2010;28,78544676
2011;28,34890966
2012;28,02867384
2013;31,33824963
2014;33,93879493
2015;35,48331382
2005;30,4
2006;27,5
2007;21,4
2008;22,55406797
2009;26,44628099
2010;27,34499205
2011;24,21052632
2012;26,62889518
2013;28,16327061
2014;31,70913908
2015;33,35696124
2005;17,5
2006;23,5
2007;19,2
2008;26,63185379
2009;27,10997442
2010;32,54901961
2011;30,23872679
2012;21,59090909
2013;26,39393276
2014;28,98958015
2015;30,78546981
2005;
2006;
2007;
2008;
2009;
2010;
2011;
2012;
2013;
2014;
2015;
2005;23,2
2006;22,6
2007;21,5
2008;27,59562842
2009;28,49740933
2010;29,84496124
2011;31,97674419
2012;29,46175637
2013;30,17530342
2014;29,43815438
2015;34,59238886
2005;24
2006;24
2007;22,4
2008;26,24356775
2009;24,66666667
2010;28,86075949
2011;33,16326531
2012;28,43295638
2013;28,17780456
2014;34,63016231
2015;32,84022691
2005;21
2006;20,7
2007;20,9
2008;19,1630373
2009;20,50940886
2010;23,72502792
2011;24,71431008
2012;22,1286031
2013;24,77155552
2014;25,83284577
2015;25,00465242
2005;38,1
2006;35,3
2007;27,4
2008;30,21885522
2009;33,5589942
2010;34,54172367
2011;36,492891
2012;34,75836431
2013;33,5871413
2014;36,73354929
2015;35,82866149
2005;
2006;
2007;
2008;
2009;
2010;29,33333333
2011;
2012;
2013;
2014;
2015;
2005;25,4
2006;24,7
2007;21,1
2008;21,15812918
2009;18,59688196
2010;26,15384615
2011;26,38248848
2012;28,83172562
2013;27,62554773
2014;29,98945611
2015;25,57002838
2005;22,5
2006;27,3
2007;24,8
2008;22,11280215
2009;24,59436379
2010;26,66274279
2011;27,63371151
2012;26,31578947
2013;28,82045996
2014;29,21529004
2015;31,25980845
2005;22,5
2006;25,5
2007;22,6
2008;27,58152174
2009;26,73942701
2010;28,66698519
2011;30,82239115
2012;29,57252978
2013;28,72800236
2014;32,68532963
2015;33,95252826
2005;27,7
2006;29,1
2007;21,7
2008;22,58292167
2009;24,91153574
2010;28,28235294
2011;30,23743017
2012;26,01902174
2013;27,89268799
2014;30,41880704
2015;27,28109441
2005;29,7
2006;27,7
2007;21,4
2008;24,69982847
2009;21,9924812
2010;27,3989899
2011;27,6867031
2012;28,15533981
2013;29,7432329
2014;32,94532962
2015;27,77430472
2005;32,1
2006;34,3
2007;27,7
2008;31,41025641
2009;31,31147541
2010;34,72222222
2011;33,84853168
2012;34,62068966
2013;35,539546
2014;36,73598238
2015;37,63289516
2005;30,2
2006;29,9
2007;27,1
2008;27,49490835
2009;29,7755884
2010;32,73787824
2011;32,68041237
2012;30,78158458
2013;35,05068348
2014;36,17760179
2015;35,09647574
2005;24,9
2006;25,6
2007;19,8
2008;21,74757282
2009;21,91051136
2010;27,07305035
2011;26,93389592
2012;27,06521739
2013;28,76240717
2014;28,83476897
2015;30,91356277
2005;6,3
2006;4,6
2007;4,9
2008;3,664921466
2009;4,249667995
2010;4,612706701
2011;4,988123515
2012;2,996254682
2013;2,264795433
2014;4,15091928
2015;5,609559246
2005;7,1
2006;5,8
2007;3,8
2008;3,235990529
2009;4,797353184
2010;5
2011;4,674945215
2012;4,347826087
2013;3,362423436
2014;4,905366965
2015;3,105356418
2005;5,2
2006;4
2007;3,3
2008;2,43902439
2009;0,64516129
2010;1,351351351
2011;1,165501166
2012;2,731092437
2013;3,100292002
2014;2,289635249
2015;2,888738342
2005;3,2
2006;2,6
2007;1,3
2008;3,368421053
2009;2,921348315
2010;3,951890034
2011;2,450980392
2012;4,651162791
2013;1,191060629
2014;3,010088309
2015;4,295742565
2005;3,5
2006;3,6
2007;3
2008;2,807017544
2009;2
2010;3,452685422
2011;2,659574468
2012;3,400309119
2013;4,168922407
2014;2,548298976
2015;1,979106655
2005;4
2006;2,9
2007;2,1
2008;2,89975145
2009;2,747252747
2010;3,691813804
2011;4,127725857
2012;3,655913978
2013;4,548595826
2014;4,392821592
2015;3,733688566
2005;4,5
2006;3,8
2007;3,3
2008;2,677651905
2009;4,23553719
2010;4,372019078
2011;3,789473684
2012;3,871576959
2013;3,427943738
2014;4,0955537
2015;3,418481281
2005;1,2
2006;2,7
2007;2,2
2008;2,088772846
2009;3,836317136
2010;2,941176471
2011;2,387267905
2012;2,045454545
2013;2,907220254
2014;3,442526489
2015;2,772316131
2005;
2006;
2007;
2008;
2009;
2010;
2011;
2012;
2013;
2014;
2015;
2005;4,8
2006;3,1
2007;2,2
2008;1,639344262
2009;2,849740933
2010;1,937984496
2011;2,325581395
2012;4,249291785
2013;3,499271777
2014;4,28381027
2015;4,275275957
2005;4,8
2006;3,1
2007;3,5
2008;3,259005146
2009;3,833333333
2010;3,924050633
2011;4,421768707
2012;4,038772213
2013;5,027372886
2014;7,113388199
2015;4,632550999
2005;13,3
2006;10,9
2007;9,1
2008;8,558985041
2009;8,952670595
2010;9,604169252
2011;9,79020979
2012;9,379157428
2013;8,285398284
2014;9,731230617
2015;9,341822944
2005;5,2
2006;3,6
2007;3,1
2008;2,272727273
2009;3,094777563
2010;3,283173735
2011;2,938388626
2012;3,810408922
2013;4,314929434
2014;4,463947291
2015;3,688055051
2005;
2006;
2007;
2008;
2009;
2010;2,666666667
2011;
2012;
2013;
2014;
2015;
2005;6,4
2006;5
2007;5
2008;3,006681514
2009;1,893095768
2010;3,230769231
2011;3,571428571
2012;3,32261522
2013;3,648865694
2014;3,082055224
2015;4,21182243
2005;5
2006;3,4
2007;3,8
2008;3,491495076
2009;5,550811272
2010;5,356091819
2011;5,429497569
2012;5,435720449
2013;3,876663327
2014;5,498309815
2015;3,679825761
2005;3,5
2006;2,7
2007;2,5
2008;2,581521739
2009;3,410641201
2010;3,631151457
2011;4,561161023
2012;4,625087596
2013;5,133523269
2014;4,877520675
2015;5,253435518
2005;4,3
2006;3,7
2007;3
2008;2,822865208
2009;2,760084926
2010;3,152941176
2011;2,793296089
2012;3,940217391
2013;3,285970779
2014;4,40031503
2015;4,321546408
2005;3,2
2006;1,6
2007;1,7
2008;2,058319039
2009;1,879699248
2010;2,272727273
2011;2,9143898
2012;3,883495146
2013;3,185224338
2014;3,877093734
2015;4,176880946
2005;4,4
2006;4
2007;3
2008;2,884615385
2009;1,967213115
2010;1,62037037
2011;2,163833076
2012;4,275862069
2013;3,808155903
2014;5,314839788
2015;5,008023121
2005;5,3
2006;3,6
2007;3,9
2008;3,615071283
2009;3,612479475
2010;4,374772147
2011;4,175257732
2012;4,122055675
2013;4,319439479
2014;4,331926933
2015;4,191735586
2005;5
2006;4,5
2007;3,7
2008;3,45631068
2009;4,6875
2010;4,466929911
2011;5,063291139
2012;4,239130435
2013;4,218846541
2014;4,494214826
2015;4,773880528
2005;38,7
2006;31,3
2007;28,9
2008;25,91623037
2009;28,81806109
2010;28,72062663
2011;27,31591449
2012;25,71785268
2013;20,51697235
2014;25,21136362
2015;24,57143754
2005;36,4
2006;31,3
2007;33
2008;27,4664562
2009;29,19768404
2010;29,47368421
2011;27,24616508
2012;29,91893884
2013;25,75472521
2014;29,17467891
2015;27,88354807
2005;25,2
2006;25,4
2007;27,3
2008;25,49889135
2009;27,74193548
2010;26,72672673
2011;25,40792541
2012;27,31092437
2013;24,54707136
2014;29,74641512
2015;23,26024384
2005;34,4
2006;30,9
2007;26,6
2008;25,68421053
2009;28,08988764
2010;30,06872852
2011;27,20588235
2012;26,35658915
2013;25,0167135
2014;23,95200991
2015;24,10079175
2005;28,5
2006;26,6
2007;23,7
2008;22,45614035
2009;23,09090909
2010;24,55242967
2011;20,74468085
2012;22,7202473
2013;23,74452006
2014;24,38915473
2015;24,67406819
2005;31,6
2006;26,9
2007;28
2008;28,58326429
2009;27,55102041
2010;25,14713751
2011;25,23364486
2012;32,40143369
2013;25,9449986
2014;27,46397241
2015;25,51788015
2005;30,5
2006;26,7
2007;25,7
2008;24,92276004
2009;29,1322314
2010;25,59618442
2011;26,52631579
2012;26,44003777
2013;26,73972561
2014;23,86189272
2015;26,7133903
2005;26,3
2006;24
2007;21,2
2008;20,88772846
2009;18,9258312
2010;27,45098039
2011;25,46419098
2012;24,09090909
2013;21,11840183
2014;19,56227331
2015;29,71904243
2005;
2006;
2007;
2008;
2009;
2010;
2011;
2012;
2013;
2014;
2015;
2005;33,6
2006;27,1
2007;32,9
2008;27,04918033
2009;29,01554404
2010;33,33333333
2011;33,43023256
2012;28,89518414
2013;19,88255589
2014;25,13403458
2015;24,92994807
2005;33,6
2006;27,7
2007;24
2008;24,52830189
2009;26,16666667
2010;24,05063291
2011;26,02040816
2012;28,75605816
2013;25,26887779
2014;26,23175593
2015;24,18918384
2005;38,4
2006;35,4
2007;35,5
2008;33,76254497
2009;33,64379396
2010;34,21019978
2011;33,39587242
2012;35,78713969
2013;32,72292626
2014;34,25315143
2015;33,71662502
2005;33,5
2006;29,6
2007;31,1
2008;31,14478114
2009;30,85106383
2010;29,13816689
2011;28,43601896
2012;27,78810409
2013;22,92934278
2014;28,24428225
2015;30,79786955
2005;
2006;
2007;
2008;
2009;
2010;17,66666667
2011;
2012;
2013;
2014;
2015;
2005;31,5
2006;29,2
2007;27,6
2008;28,28507795
2009;28,9532294
2010;28,46153846
2011;28,80184332
2012;27,11682744
2013;24,03322339
2014;27,26849225
2015;28,86273829
2005;35,1
2006;32,1
2007;28,4
2008;26,32050134
2009;28,35183604
2010;29,13478517
2011;27,22852512
2012;28,55910267
2013;27,82851815
2014;30,7447015
2015;27,68034827
2005;31,6
2006;27,8
2007;27,7
2008;23,30163043
2009;28,24010914
2010;24,27138079
2011;21,83828611
2012;27,89067975
2013;22,54401126
2014;25,9652711
2015;27,75610986
2005;31,4
2006;29,7
2007;28,5
2008;24,48835568
2009;31,42250531
2010;29,64705882
2011;28,28212291
2012;27,85326087
2013;26,99221911
2014;24,58531019
2015;27,64696671
2005;28,9
2006;25,4
2007;23
2008;24,01372213
2009;20,30075188
2010;22,34848485
2011;19,85428051
2012;25,63106796
2013;20,91113679
2014;23,21965438
2015;26,24313225
2005;28,6
2006;27,8
2007;26,3
2008;25,48076923
2009;24,26229508
2010;23,72685185
2011;23,18392581
2012;24,68965517
2013;26,9291515
2014;27,85358423
2015;31,52202238
2005;33,8
2006;32,5
2007;28,7
2008;26,6802444
2009;29,61138478
2010;29,45679913
2011;28,35051546
2012;27,94432548
2013;25,54384713
2014;28,47195027
2015;28,1160547
2005;32,8
2006;30,3
2007;29,4
2008;26,6407767
2009;28,76420455
2010;28,15893386
2011;27,70745429
2012;30,28985507
2013;26,43403741
2014;25,9082153
2015;26,04947206
2005;55
2006;61,5
2007;65
2008;70,41884817
2009;66,93227092
2010;66,66666667
2011;67,695962
2012;71,28589263
2013;77,21823221
2014;70,6377171
2015;69,81900321
2005;56,6
2006;59,8
2007;60,8
2008;69,29755328
2009;66,00496278
2010;65,52631579
2011;68,0788897
2012;65,73323508
2013;70,88285135
2014;65,91995412
2015;69,01109552
2005;69,6
2006;68,5
2007;67,2
2008;72,06208426
2009;71,61290323
2010;71,92192192
2011;73,42657343
2012;69,95798319
2013;72,35263664
2014;67,96394963
2015;73,85101782
2005;62,4
2006;64,4
2007;69,8
2008;70,94736842
2009;68,98876404
2010;65,97938144
2011;70,34313725
2012;68,99224806
2013;73,79222587
2014;73,03790178
2015;71,60346569
2005;68
2006;67,2
2007;70,1
2008;74,73684211
2009;74,90909091
2010;71,99488491
2011;76,59574468
2012;73,87944359
2013;72,08655754
2014;73,06254629
2015;73,34682516
2005;64,3
2006;67,7
2007;67,8
2008;68,51698426
2009;69,70172684
2010;71,16104869
2011;70,63862928
2012;63,94265233
2013;69,50640557
2014;68,14320599
2015;70,74843128
2005;65,1
2006;66,3
2007;68,1
2008;72,39958805
2009;66,6322314
2010;70,0317965
2011;69,68421053
2012;69,68838527
2013;69,83233065
2014;72,04255358
2015;69,86812841
2005;72,4
2006;70,3
2007;73,1
2008;77,02349869
2009;77,23785166
2010;69,60784314
2011;72,14854111
2012;73,86363636
2013;75,97437791
2014;76,9952002
2015;67,50864144
2005;
2006;
2007;
2008;
2009;
2010;
2011;
2012;
2013;
2014;
2015;
2005;61,6
2006;67,6
2007;63,2
2008;71,31147541
2009;68,13471503
2010;64,72868217
2011;64,24418605
2012;66,85552408
2013;76,61817234
2014;70,58215515
2015;70,79477597
2005;61,6
2006;67
2007;70,1
2008;72,21269297
2009;70
2010;72,02531646
2011;69,55782313
2012;67,20516963
2013;69,70374932
2014;66,65485587
2015;71,17826516
2005;48,3
2006;52
2007;53,4
2008;57,67846999
2009;57,40353545
2010;56,18563097
2011;56,81391779
2012;54,83370288
2013;58,99167545
2014;56,01561795
2015;56,94155203
2005;61,2
2006;64,4
2007;63
2008;66,58249158
2009;66,05415861
2010;67,57865937
2011;68,62559242
2012;68,40148699
2013;72,75572779
2014;67,29177046
2015;65,5140754
2005;
2006;
2007;
2008;
2009;
2010;79,66666667
2011;
2012;
2013;
2014;
2015;
2005;62,1
2006;63,5
2007;65,7
2008;68,70824053
2009;69,15367483
2010;68,30769231
2011;67,62672811
2012;69,56055734
2013;72,31791092
2014;69,64945253
2015;66,92543928
2005;60
2006;62,1
2007;65,5
2008;70,18800358
2009;66,09735269
2010;65,50912301
2011;67,34197731
2012;66,00517688
2013;68,29481853
2014;63,75698868
2015;68,63982597
2005;64,8
2006;67,5
2007;65,7
2008;74,11684783
2009;68,34924966
2010;72,09746775
2011;73,60055287
2012;67,48423266
2013;72,32246547
2014;69,15720822
2015;66,99045462
2005;64,3
2006;64,4
2007;66,2
2008;72,68877911
2009;65,81740977
2010;67,2
2011;68,92458101
2012;68,20652174
2013;69,72181012
2014;71,01437478
2015;68,03148688
2005;67,9
2006;70,2
2007;71,6
2008;73,92795883
2009;77,81954887
2010;75,37878788
2011;77,23132969
2012;70,48543689
2013;75,90363887
2014;72,90325189
2015;69,57998681
2005;67
2006;66,7
2007;67,6
2008;71,63461538
2009;73,7704918
2010;74,65277778
2011;74,65224111
2012;71,03448276
2013;69,26269259
2014;66,83157598
2015;63,4699545
2005;60,9
2006;61,2
2007;65,1
2008;69,70468432
2009;66,77613574
2010;66,16842873
2011;67,4742268
2012;67,93361884
2013;70,13671339
2014;67,1961228
2015;67,69220971
2005;62,2
2006;62,9
2007;64,2
2008;69,90291262
2009;66,54829545
2010;67,37413623
2011;67,22925457
2012;65,47101449
2013;69,34711605
2014;69,59756988
2015;69,17664742
