CREATE TABLE sr_location.Clients (idClient VARCHAR(3), nomClient VARCHAR(20), prenomClient VARCHAR(20),
CONSTRAINT pk_Clients PRIMARY KEY (idClient));

CREATE TABLE sr_location.Bungalows (idBungalow VARCHAR(3), nomBungalow VARCHAR(20), nomCamping VARCHAR(30),
CONSTRAINT pk_Bungalows PRIMARY KEY (idBungalow));

CREATE TABLE sr_location.Locations (idLocation VARCHAR(3), dateDebutLocation DATE, idClient VARCHAR(3), idBungalow VARCHAR(3),
CONSTRAINT pk_Locations PRIMARY KEY (idLocation),
CONSTRAINT fk_Locations_idBungalow FOREIGN KEY (idBungalow) REFERENCES sr_location.Bungalows(idBungalow),
CONSTRAINT fk_Locations_idClient FOREIGN KEY (idClient) REFERENCES sr_location.Clients(idClient));

INSERT INTO sr_location.Clients (idClient, nomClient, prenomClient) VALUES
('C1', 'Zétofrais', 'Mélanie'),
('C2', 'Zeblouse', 'Agathe'),
('C3', 'Bricot', 'Judas'),
('C4', 'Croque', 'Odile'),
('C5', 'Gator', 'Ali'),
('C6', 'Némard', 'Jean');

INSERT INTO sr_location.Bungalows (idBungalow, nomBungalow, nomCamping) VALUES
('B1', 'Le Palace', 'Les Flots Bleus'),
('B2', 'Le Royal', 'Les Flots Bleus'),
('B3', 'La Poubelle', 'La Décharge Monochrome'),
('B4', 'Le Caniveau', 'La Décharge Monochrome'),
('B5', 'Le Suite Monarchique', 'The White Majestic'),
('B6', 'La Suite Nuptiale', 'The White Majestic');

INSERT INTO sr_location.Locations (idLocation, dateDebutLocation, idClient, idBungalow) VALUES
('L1', '01/05/2022', 'C1', 'B1'),
('L2', '08/05/2022', 'C1', 'B1'),
('L3', '01/06/2022', 'C1', 'B1'),
('L4', '08/05/2022', 'C1', 'B2'),
('L5', '01/06/2022', 'C1', 'B2'),
('L6', '08/06/2022', 'C1', 'B2'),
('L7', '08/06/2022', 'C1', 'B4'),
('L8', '08/05/2022', 'C1', 'B5'),
('L9', '01/06/2022', 'C1', 'B5'),
('L10', '01/05/2022', 'C1', 'B6'),
('L11', '08/05/2022', 'C1', 'B6'),
('L12', '01/06/2022', 'C1', 'B6');